Entity,Code,Year,"Death rate per 100,000 people - Cause: Parkinson disease - Sex: Both sexes - Age_group: ALLAges"
Afghanistan,AFG,2000,1.45
Afghanistan,AFG,2001,1.49
Afghanistan,AFG,2002,1.5
Afghanistan,AFG,2003,1.49
Afghanistan,AFG,2004,1.49
Afghanistan,AFG,2005,1.47
Afghanistan,AFG,2006,1.49
Afghanistan,AFG,2007,1.51
Afghanistan,AFG,2008,1.51
Afghanistan,AFG,2009,1.49
Afghanistan,AFG,2010,1.48
Afghanistan,AFG,2011,1.49
Afghanistan,AFG,2012,1.49
Afghanistan,AFG,2013,1.5
Afghanistan,AFG,2014,1.51
Afghanistan,AFG,2015,1.51
Afghanistan,AFG,2016,1.56
Afghanistan,AFG,2017,1.6
Afghanistan,AFG,2018,1.62
Afghanistan,AFG,2019,1.65
Africa,,2000,1.3329403
Africa,,2001,1.3693558
Africa,,2002,1.396214
Africa,,2003,1.4146041
Africa,,2004,1.4043959
Africa,,2005,1.3850237
Africa,,2006,1.4206755
Africa,,2007,1.4376578
Africa,,2008,1.4482067
Africa,,2009,1.4426012
Africa,,2010,1.426837
Africa,,2011,1.4529582
Africa,,2012,1.4781401
Africa,,2013,1.4753358
Africa,,2014,1.4700581
Africa,,2015,1.4694731
Africa,,2016,1.4859917
Africa,,2017,1.4938849
Africa,,2018,1.507382
Africa,,2019,1.5093532
Albania,ALB,2000,4.78
Albania,ALB,2001,3.59
Albania,ALB,2002,4.21
Albania,ALB,2003,4.89
Albania,ALB,2004,4.81
Albania,ALB,2005,4.96
Albania,ALB,2006,5.36
Albania,ALB,2007,5.53
Albania,ALB,2008,5.63
Albania,ALB,2009,5.63
Albania,ALB,2010,5.61
Albania,ALB,2011,5.85
Albania,ALB,2012,7.14
Albania,ALB,2013,7.24
Albania,ALB,2014,7.65
Albania,ALB,2015,8.76
Albania,ALB,2016,9.6
Albania,ALB,2017,10.63
Albania,ALB,2018,11.7
Albania,ALB,2019,12.79
Algeria,DZA,2000,1.74
Algeria,DZA,2001,1.83
Algeria,DZA,2002,1.9
Algeria,DZA,2003,1.91
Algeria,DZA,2004,1.96
Algeria,DZA,2005,2
Algeria,DZA,2006,2.08
Algeria,DZA,2007,2.13
Algeria,DZA,2008,2.19
Algeria,DZA,2009,2.24
Algeria,DZA,2010,2.28
Algeria,DZA,2011,2.37
Algeria,DZA,2012,2.44
Algeria,DZA,2013,2.51
Algeria,DZA,2014,2.57
Algeria,DZA,2015,2.62
Algeria,DZA,2016,2.68
Algeria,DZA,2017,2.75
Algeria,DZA,2018,2.84
Algeria,DZA,2019,2.9
Angola,AGO,2000,0.96
Angola,AGO,2001,0.97
Angola,AGO,2002,0.97
Angola,AGO,2003,0.98
Angola,AGO,2004,0.98
Angola,AGO,2005,0.96
Angola,AGO,2006,0.99
Angola,AGO,2007,0.96
Angola,AGO,2008,0.97
Angola,AGO,2009,0.93
Angola,AGO,2010,0.93
Angola,AGO,2011,0.93
Angola,AGO,2012,0.95
Angola,AGO,2013,0.95
Angola,AGO,2014,0.91
Angola,AGO,2015,0.9
Angola,AGO,2016,0.91
Angola,AGO,2017,0.9
Angola,AGO,2018,0.91
Angola,AGO,2019,0.92
Antigua and Barbuda,ATG,2000,0.36
Antigua and Barbuda,ATG,2001,0.36
Antigua and Barbuda,ATG,2002,1.25
Antigua and Barbuda,ATG,2003,1.93
Antigua and Barbuda,ATG,2004,2.65
Antigua and Barbuda,ATG,2005,1.96
Antigua and Barbuda,ATG,2006,1.64
Antigua and Barbuda,ATG,2007,1.86
Antigua and Barbuda,ATG,2008,2.14
Antigua and Barbuda,ATG,2009,2.33
Antigua and Barbuda,ATG,2010,2.03
Antigua and Barbuda,ATG,2011,1.79
Antigua and Barbuda,ATG,2012,1.18
Antigua and Barbuda,ATG,2013,1.19
Antigua and Barbuda,ATG,2014,0.43
Antigua and Barbuda,ATG,2015,1.13
Antigua and Barbuda,ATG,2016,0.69
Antigua and Barbuda,ATG,2017,1.01
Antigua and Barbuda,ATG,2018,1.01
Antigua and Barbuda,ATG,2019,1.04
Argentina,ARG,2000,1.83
Argentina,ARG,2001,1.58
Argentina,ARG,2002,1.64
Argentina,ARG,2003,1.94
Argentina,ARG,2004,1.72
Argentina,ARG,2005,1.67
Argentina,ARG,2006,1.65
Argentina,ARG,2007,2.09
Argentina,ARG,2008,1.98
Argentina,ARG,2009,1.89
Argentina,ARG,2010,1.79
Argentina,ARG,2011,1.51
Argentina,ARG,2012,1.94
Argentina,ARG,2013,2.12
Argentina,ARG,2014,1.78
Argentina,ARG,2015,2
Argentina,ARG,2016,2.35
Argentina,ARG,2017,2.18
Argentina,ARG,2018,2.04
Argentina,ARG,2019,2.15
Armenia,ARM,2000,0.64
Armenia,ARM,2001,0.68
Armenia,ARM,2002,0.92
Armenia,ARM,2003,0.7
Armenia,ARM,2004,0.62
Armenia,ARM,2005,0.63
Armenia,ARM,2006,0.51
Armenia,ARM,2007,0.63
Armenia,ARM,2008,0.52
Armenia,ARM,2009,0.56
Armenia,ARM,2010,0.67
Armenia,ARM,2011,0.68
Armenia,ARM,2012,0.61
Armenia,ARM,2013,0.35
Armenia,ARM,2014,0.52
Armenia,ARM,2015,0.42
Armenia,ARM,2016,0.38
Armenia,ARM,2017,0.72
Armenia,ARM,2018,0.2
Armenia,ARM,2019,0.39
Asia,,2000,2.5358882
Asia,,2001,2.6374679
Asia,,2002,2.7191415
Asia,,2003,2.7433465
Asia,,2004,2.755009
Asia,,2005,2.7963905
Asia,,2006,2.861132
Asia,,2007,2.9169989
Asia,,2008,2.9946213
Asia,,2009,2.9921272
Asia,,2010,3.0219352
Asia,,2011,3.1113107
Asia,,2012,3.1876543
Asia,,2013,3.305225
Asia,,2014,3.372635
Asia,,2015,3.3893073
Asia,,2016,3.5099213
Asia,,2017,3.6642087
Asia,,2018,3.785034
Asia,,2019,3.8874648
Australia,AUS,2000,4.26
Australia,AUS,2001,4.38
Australia,AUS,2002,4.82
Australia,AUS,2003,4.13
Australia,AUS,2004,4.55
Australia,AUS,2005,4.96
Australia,AUS,2006,4.99
Australia,AUS,2007,5.29
Australia,AUS,2008,6.03
Australia,AUS,2009,5.5
Australia,AUS,2010,5.53
Australia,AUS,2011,6.04
Australia,AUS,2012,6.24
Australia,AUS,2013,6.75
Australia,AUS,2014,7.18
Australia,AUS,2015,7.38
Australia,AUS,2016,7.51
Australia,AUS,2017,7.68
Australia,AUS,2018,7.81
Australia,AUS,2019,8.08
Austria,AUT,2000,5.19
Austria,AUT,2001,5.38
Austria,AUT,2002,12.47
Austria,AUT,2003,14.32
Austria,AUT,2004,7.73
Austria,AUT,2005,7.41
Austria,AUT,2006,8.37
Austria,AUT,2007,9.07
Austria,AUT,2008,9.18
Austria,AUT,2009,9.98
Austria,AUT,2010,9.63
Austria,AUT,2011,9.36
Austria,AUT,2012,10.54
Austria,AUT,2013,10.7
Austria,AUT,2014,9.64
Austria,AUT,2015,10.39
Austria,AUT,2016,10.82
Austria,AUT,2017,12.49
Austria,AUT,2018,12.45
Austria,AUT,2019,12.31
Azerbaijan,AZE,2000,2.15
Azerbaijan,AZE,2001,2.22
Azerbaijan,AZE,2002,2.37
Azerbaijan,AZE,2003,2.52
Azerbaijan,AZE,2004,2.64
Azerbaijan,AZE,2005,2.78
Azerbaijan,AZE,2006,3.01
Azerbaijan,AZE,2007,3.2
Azerbaijan,AZE,2008,3.36
Azerbaijan,AZE,2009,3.48
Azerbaijan,AZE,2010,3.58
Azerbaijan,AZE,2011,3.79
Azerbaijan,AZE,2012,3.98
Azerbaijan,AZE,2013,4.15
Azerbaijan,AZE,2014,4.35
Azerbaijan,AZE,2015,4.4
Azerbaijan,AZE,2016,4.6
Azerbaijan,AZE,2017,4.72
Azerbaijan,AZE,2018,4.47
Azerbaijan,AZE,2019,4.36
Bahamas,BHS,2000,3.08
Bahamas,BHS,2001,3.34
Bahamas,BHS,2002,3.38
Bahamas,BHS,2003,3.49
Bahamas,BHS,2004,3.56
Bahamas,BHS,2005,3.41
Bahamas,BHS,2006,3.5
Bahamas,BHS,2007,3.43
Bahamas,BHS,2008,3.51
Bahamas,BHS,2009,3.61
Bahamas,BHS,2010,3.63
Bahamas,BHS,2011,3.73
Bahamas,BHS,2012,3.78
Bahamas,BHS,2013,3.78
Bahamas,BHS,2014,3.79
Bahamas,BHS,2015,3.87
Bahamas,BHS,2016,4
Bahamas,BHS,2017,4.07
Bahamas,BHS,2018,4.21
Bahamas,BHS,2019,4.32
Bahrain,BHR,2000,1.83
Bahrain,BHR,2001,1.81
Bahrain,BHR,2002,1.85
Bahrain,BHR,2003,1.73
Bahrain,BHR,2004,1.59
Bahrain,BHR,2005,1.43
Bahrain,BHR,2006,1.37
Bahrain,BHR,2007,1.49
Bahrain,BHR,2008,1.55
Bahrain,BHR,2009,1.6
Bahrain,BHR,2010,1.49
Bahrain,BHR,2011,1.43
Bahrain,BHR,2012,1.38
Bahrain,BHR,2013,1.35
Bahrain,BHR,2014,1.33
Bahrain,BHR,2015,1.31
Bahrain,BHR,2016,1.36
Bahrain,BHR,2017,1.43
Bahrain,BHR,2018,1.53
Bahrain,BHR,2019,1.57
Bangladesh,BGD,2000,1.54
Bangladesh,BGD,2001,1.6
Bangladesh,BGD,2002,1.7
Bangladesh,BGD,2003,1.77
Bangladesh,BGD,2004,1.81
Bangladesh,BGD,2005,1.88
Bangladesh,BGD,2006,2
Bangladesh,BGD,2007,2.03
Bangladesh,BGD,2008,2.02
Bangladesh,BGD,2009,2.02
Bangladesh,BGD,2010,2.03
Bangladesh,BGD,2011,1.84
Bangladesh,BGD,2012,1.66
Bangladesh,BGD,2013,1.69
Bangladesh,BGD,2014,1.82
Bangladesh,BGD,2015,1.82
Bangladesh,BGD,2016,1.92
Bangladesh,BGD,2017,2.15
Bangladesh,BGD,2018,2.25
Bangladesh,BGD,2019,2.32
Barbados,BRB,2000,4.07
Barbados,BRB,2001,3.66
Barbados,BRB,2002,2.52
Barbados,BRB,2003,2.58
Barbados,BRB,2004,3.88
Barbados,BRB,2005,5.17
Barbados,BRB,2006,4.76
Barbados,BRB,2007,4.08
Barbados,BRB,2008,3.75
Barbados,BRB,2009,5.14
Barbados,BRB,2010,5.11
Barbados,BRB,2011,5.21
Barbados,BRB,2012,4.47
Barbados,BRB,2013,4.48
Barbados,BRB,2014,4.81
Barbados,BRB,2015,4.87
Barbados,BRB,2016,4.98
Barbados,BRB,2017,5.1
Barbados,BRB,2018,5.3
Barbados,BRB,2019,5.71
Belarus,BLR,2000,4.83
Belarus,BLR,2001,5.23
Belarus,BLR,2002,5.71
Belarus,BLR,2003,5.81
Belarus,BLR,2004,5.87
Belarus,BLR,2005,6.04
Belarus,BLR,2006,6.26
Belarus,BLR,2007,6.32
Belarus,BLR,2008,6.49
Belarus,BLR,2009,6.65
Belarus,BLR,2010,6.82
Belarus,BLR,2011,6.81
Belarus,BLR,2012,6.82
Belarus,BLR,2013,6.91
Belarus,BLR,2014,6.72
Belarus,BLR,2015,6.71
Belarus,BLR,2016,6.77
Belarus,BLR,2017,6.74
Belarus,BLR,2018,6.77
Belarus,BLR,2019,6.57
Belgium,BEL,2000,5.57
Belgium,BEL,2001,5.17
Belgium,BEL,2002,5.72
Belgium,BEL,2003,7.34
Belgium,BEL,2004,6.08
Belgium,BEL,2005,7.01
Belgium,BEL,2006,7.85
Belgium,BEL,2007,6.8
Belgium,BEL,2008,8.28
Belgium,BEL,2009,8.16
Belgium,BEL,2010,8.36
Belgium,BEL,2011,8.84
Belgium,BEL,2012,9.75
Belgium,BEL,2013,10.53
Belgium,BEL,2014,9.33
Belgium,BEL,2015,10.16
Belgium,BEL,2016,11.7
Belgium,BEL,2017,11.39
Belgium,BEL,2018,11.69
Belgium,BEL,2019,11.98
Belize,BLZ,2000,2.38
Belize,BLZ,2001,2.18
Belize,BLZ,2002,2.07
Belize,BLZ,2003,2.02
Belize,BLZ,2004,2
Belize,BLZ,2005,1.86
Belize,BLZ,2006,1.96
Belize,BLZ,2007,1.99
Belize,BLZ,2008,1.95
Belize,BLZ,2009,2.08
Belize,BLZ,2010,2.24
Belize,BLZ,2011,2.27
Belize,BLZ,2012,2.3
Belize,BLZ,2013,2.39
Belize,BLZ,2014,2.53
Belize,BLZ,2015,2.59
Belize,BLZ,2016,2.6
Belize,BLZ,2017,2.66
Belize,BLZ,2018,2.75
Belize,BLZ,2019,2.82
Benin,BEN,2000,1.73
Benin,BEN,2001,1.77
Benin,BEN,2002,1.79
Benin,BEN,2003,1.79
Benin,BEN,2004,1.78
Benin,BEN,2005,1.75
Benin,BEN,2006,1.78
Benin,BEN,2007,1.79
Benin,BEN,2008,1.78
Benin,BEN,2009,1.77
Benin,BEN,2010,1.75
Benin,BEN,2011,1.78
Benin,BEN,2012,1.79
Benin,BEN,2013,1.79
Benin,BEN,2014,1.77
Benin,BEN,2015,1.75
Benin,BEN,2016,1.77
Benin,BEN,2017,1.79
Benin,BEN,2018,1.8
Benin,BEN,2019,1.79
Bhutan,BTN,2000,1.81
Bhutan,BTN,2001,1.89
Bhutan,BTN,2002,1.97
Bhutan,BTN,2003,2.05
Bhutan,BTN,2004,2.13
Bhutan,BTN,2005,2.21
Bhutan,BTN,2006,2.33
Bhutan,BTN,2007,2.45
Bhutan,BTN,2008,2.57
Bhutan,BTN,2009,2.7
Bhutan,BTN,2010,2.8
Bhutan,BTN,2011,2.95
Bhutan,BTN,2012,3.1
Bhutan,BTN,2013,3.25
Bhutan,BTN,2014,3.38
Bhutan,BTN,2015,3.51
Bhutan,BTN,2016,3.64
Bhutan,BTN,2017,3.82
Bhutan,BTN,2018,3.97
Bhutan,BTN,2019,4.12
Bolivia,BOL,2000,4.09
Bolivia,BOL,2001,4.2
Bolivia,BOL,2002,4.32
Bolivia,BOL,2003,4.42
Bolivia,BOL,2004,4.52
Bolivia,BOL,2005,4.61
Bolivia,BOL,2006,4.75
Bolivia,BOL,2007,4.93
Bolivia,BOL,2008,5.07
Bolivia,BOL,2009,5.21
Bolivia,BOL,2010,5.39
Bolivia,BOL,2011,5.62
Bolivia,BOL,2012,5.79
Bolivia,BOL,2013,6.01
Bolivia,BOL,2014,6.16
Bolivia,BOL,2015,6.36
Bolivia,BOL,2016,6.73
Bolivia,BOL,2017,6.9
Bolivia,BOL,2018,7.14
Bolivia,BOL,2019,7.41
Bosnia and Herzegovina,BIH,2000,5.75
Bosnia and Herzegovina,BIH,2001,6.29
Bosnia and Herzegovina,BIH,2002,6.7
Bosnia and Herzegovina,BIH,2003,6.97
Bosnia and Herzegovina,BIH,2004,7.14
Bosnia and Herzegovina,BIH,2005,7.5
Bosnia and Herzegovina,BIH,2006,7.67
Bosnia and Herzegovina,BIH,2007,8.23
Bosnia and Herzegovina,BIH,2008,8.09
Bosnia and Herzegovina,BIH,2009,8.35
Bosnia and Herzegovina,BIH,2010,8.6
Bosnia and Herzegovina,BIH,2011,8.9
Bosnia and Herzegovina,BIH,2012,8.93
Bosnia and Herzegovina,BIH,2013,8.99
Bosnia and Herzegovina,BIH,2014,8.98
Bosnia and Herzegovina,BIH,2015,9.04
Bosnia and Herzegovina,BIH,2016,9.3
Bosnia and Herzegovina,BIH,2017,9.59
Bosnia and Herzegovina,BIH,2018,9.98
Bosnia and Herzegovina,BIH,2019,10.33
Botswana,BWA,2000,1.62
Botswana,BWA,2001,1.71
Botswana,BWA,2002,1.77
Botswana,BWA,2003,1.8
Botswana,BWA,2004,1.8
Botswana,BWA,2005,1.76
Botswana,BWA,2006,1.76
Botswana,BWA,2007,1.74
Botswana,BWA,2008,1.75
Botswana,BWA,2009,1.7
Botswana,BWA,2010,1.66
Botswana,BWA,2011,1.72
Botswana,BWA,2012,1.78
Botswana,BWA,2013,1.82
Botswana,BWA,2014,1.84
Botswana,BWA,2015,1.85
Botswana,BWA,2016,1.9
Botswana,BWA,2017,1.97
Botswana,BWA,2018,2.03
Botswana,BWA,2019,2.05
Brazil,BRA,2000,0.75
Brazil,BRA,2001,0.85
Brazil,BRA,2002,0.89
Brazil,BRA,2003,0.99
Brazil,BRA,2004,1.06
Brazil,BRA,2005,1.19
Brazil,BRA,2006,1.31
Brazil,BRA,2007,1.29
Brazil,BRA,2008,1.28
Brazil,BRA,2009,1.37
Brazil,BRA,2010,1.46
Brazil,BRA,2011,1.53
Brazil,BRA,2012,1.64
Brazil,BRA,2013,1.64
Brazil,BRA,2014,1.79
Brazil,BRA,2015,1.78
Brazil,BRA,2016,1.9
Brazil,BRA,2017,1.95
Brazil,BRA,2018,2.24
Brazil,BRA,2019,2.26
Brunei,BRN,2000,0.49
Brunei,BRN,2001,0.57
Brunei,BRN,2002,0.78
Brunei,BRN,2003,0.65
Brunei,BRN,2004,0.82
Brunei,BRN,2005,0.64
Brunei,BRN,2006,0.69
Brunei,BRN,2007,0.61
Brunei,BRN,2008,0.79
Brunei,BRN,2009,1.38
Brunei,BRN,2010,1.69
Brunei,BRN,2011,3.71
Brunei,BRN,2012,3.72
Brunei,BRN,2013,3.31
Brunei,BRN,2014,3.48
Brunei,BRN,2015,3.69
Brunei,BRN,2016,4.36
Brunei,BRN,2017,3.53
Brunei,BRN,2018,4.29
Brunei,BRN,2019,4.24
Bulgaria,BGR,2000,4.28
Bulgaria,BGR,2001,4.72
Bulgaria,BGR,2002,4.29
Bulgaria,BGR,2003,4.02
Bulgaria,BGR,2004,3.81
Bulgaria,BGR,2005,4.43
Bulgaria,BGR,2006,4.51
Bulgaria,BGR,2007,5.64
Bulgaria,BGR,2008,5.74
Bulgaria,BGR,2009,4.99
Bulgaria,BGR,2010,5.05
Bulgaria,BGR,2011,4.68
Bulgaria,BGR,2012,5.75
Bulgaria,BGR,2013,4.37
Bulgaria,BGR,2014,5.21
Bulgaria,BGR,2015,4.51
Bulgaria,BGR,2016,4.8
Bulgaria,BGR,2017,3.85
Bulgaria,BGR,2018,3.56
Bulgaria,BGR,2019,4.05
Burkina Faso,BFA,2000,1.32
Burkina Faso,BFA,2001,1.33
Burkina Faso,BFA,2002,1.32
Burkina Faso,BFA,2003,1.32
Burkina Faso,BFA,2004,1.31
Burkina Faso,BFA,2005,1.26
Burkina Faso,BFA,2006,1.29
Burkina Faso,BFA,2007,1.28
Burkina Faso,BFA,2008,1.27
Burkina Faso,BFA,2009,1.25
Burkina Faso,BFA,2010,1.22
Burkina Faso,BFA,2011,1.25
Burkina Faso,BFA,2012,1.27
Burkina Faso,BFA,2013,1.28
Burkina Faso,BFA,2014,1.26
Burkina Faso,BFA,2015,1.23
Burkina Faso,BFA,2016,1.25
Burkina Faso,BFA,2017,1.25
Burkina Faso,BFA,2018,1.25
Burkina Faso,BFA,2019,1.24
Burundi,BDI,2000,1.17
Burundi,BDI,2001,1.15
Burundi,BDI,2002,1.13
Burundi,BDI,2003,1.11
Burundi,BDI,2004,1.08
Burundi,BDI,2005,1.04
Burundi,BDI,2006,1.04
Burundi,BDI,2007,1.02
Burundi,BDI,2008,1.01
Burundi,BDI,2009,0.99
Burundi,BDI,2010,0.98
Burundi,BDI,2011,0.98
Burundi,BDI,2012,0.97
Burundi,BDI,2013,0.95
Burundi,BDI,2014,0.93
Burundi,BDI,2015,0.9
Burundi,BDI,2016,0.9
Burundi,BDI,2017,0.91
Burundi,BDI,2018,0.9
Burundi,BDI,2019,0.9
Cambodia,KHM,2000,1.27
Cambodia,KHM,2001,1.32
Cambodia,KHM,2002,1.35
Cambodia,KHM,2003,1.37
Cambodia,KHM,2004,1.4
Cambodia,KHM,2005,1.42
Cambodia,KHM,2006,1.48
Cambodia,KHM,2007,1.54
Cambodia,KHM,2008,1.58
Cambodia,KHM,2009,1.62
Cambodia,KHM,2010,1.68
Cambodia,KHM,2011,1.76
Cambodia,KHM,2012,1.82
Cambodia,KHM,2013,1.88
Cambodia,KHM,2014,1.91
Cambodia,KHM,2015,1.96
Cambodia,KHM,2016,2.03
Cambodia,KHM,2017,2.1
Cambodia,KHM,2018,2.18
Cambodia,KHM,2019,2.24
Cameroon,CMR,2000,1.92
Cameroon,CMR,2001,1.98
Cameroon,CMR,2002,1.99
Cameroon,CMR,2003,2.01
Cameroon,CMR,2004,1.99
Cameroon,CMR,2005,1.97
Cameroon,CMR,2006,2.01
Cameroon,CMR,2007,2.01
Cameroon,CMR,2008,1.97
Cameroon,CMR,2009,1.93
Cameroon,CMR,2010,1.88
Cameroon,CMR,2011,1.9
Cameroon,CMR,2012,1.9
Cameroon,CMR,2013,1.88
Cameroon,CMR,2014,1.83
Cameroon,CMR,2015,1.76
Cameroon,CMR,2016,1.77
Cameroon,CMR,2017,1.76
Cameroon,CMR,2018,1.76
Cameroon,CMR,2019,1.73
Canada,CAN,2000,4.88
Canada,CAN,2001,5.25
Canada,CAN,2002,5.38
Canada,CAN,2003,5.38
Canada,CAN,2004,5.25
Canada,CAN,2005,5.91
Canada,CAN,2006,5.23
Canada,CAN,2007,5.78
Canada,CAN,2008,5.65
Canada,CAN,2009,5.67
Canada,CAN,2010,5.95
Canada,CAN,2011,5.86
Canada,CAN,2012,6.26
Canada,CAN,2013,6.7
Canada,CAN,2014,6.92
Canada,CAN,2015,7.12
Canada,CAN,2016,7.83
Canada,CAN,2017,8.61
Canada,CAN,2018,8.57
Canada,CAN,2019,8.98
Cape Verde,CPV,2000,1.74
Cape Verde,CPV,2001,1.82
Cape Verde,CPV,2002,1.9
Cape Verde,CPV,2003,1.97
Cape Verde,CPV,2004,2.05
Cape Verde,CPV,2005,2.14
Cape Verde,CPV,2006,2.05
Cape Verde,CPV,2007,2.08
Cape Verde,CPV,2008,2.17
Cape Verde,CPV,2009,2.26
Cape Verde,CPV,2010,2.34
Cape Verde,CPV,2011,2.5
Cape Verde,CPV,2012,2.6
Cape Verde,CPV,2013,2.64
Cape Verde,CPV,2014,2.71
Cape Verde,CPV,2015,2.79
Cape Verde,CPV,2016,3.05
Cape Verde,CPV,2017,3.1
Cape Verde,CPV,2018,3.71
Cape Verde,CPV,2019,3.61
Central African Republic,CAF,2000,1.87
Central African Republic,CAF,2001,1.87
Central African Republic,CAF,2002,1.87
Central African Republic,CAF,2003,1.85
Central African Republic,CAF,2004,1.81
Central African Republic,CAF,2005,1.75
Central African Republic,CAF,2006,1.78
Central African Republic,CAF,2007,1.77
Central African Republic,CAF,2008,1.73
Central African Republic,CAF,2009,1.7
Central African Republic,CAF,2010,1.64
Central African Republic,CAF,2011,1.65
Central African Republic,CAF,2012,1.64
Central African Republic,CAF,2013,1.61
Central African Republic,CAF,2014,1.56
Central African Republic,CAF,2015,1.49
Central African Republic,CAF,2016,1.48
Central African Republic,CAF,2017,1.46
Central African Republic,CAF,2018,1.45
Central African Republic,CAF,2019,1.42
Chad,TCD,2000,1.37
Chad,TCD,2001,1.4
Chad,TCD,2002,1.41
Chad,TCD,2003,1.41
Chad,TCD,2004,1.4
Chad,TCD,2005,1.37
Chad,TCD,2006,1.39
Chad,TCD,2007,1.41
Chad,TCD,2008,1.4
Chad,TCD,2009,1.39
Chad,TCD,2010,1.37
Chad,TCD,2011,1.38
Chad,TCD,2012,1.39
Chad,TCD,2013,1.37
Chad,TCD,2014,1.34
Chad,TCD,2015,1.3
Chad,TCD,2016,1.3
Chad,TCD,2017,1.31
Chad,TCD,2018,1.3
Chad,TCD,2019,1.28
Chile,CHL,2000,1.04
Chile,CHL,2001,1.98
Chile,CHL,2002,2.1
Chile,CHL,2003,2.17
Chile,CHL,2004,2.7
Chile,CHL,2005,2.65
Chile,CHL,2006,2.58
Chile,CHL,2007,3.05
Chile,CHL,2008,2.99
Chile,CHL,2009,3.21
Chile,CHL,2010,3.74
Chile,CHL,2011,3.85
Chile,CHL,2012,4.04
Chile,CHL,2013,4.42
Chile,CHL,2014,3.78
Chile,CHL,2015,4.05
Chile,CHL,2016,4.05
Chile,CHL,2017,4.35
Chile,CHL,2018,3.72
Chile,CHL,2019,4.16
China,CHN,2000,3.38
China,CHN,2001,3.52
China,CHN,2002,3.66
China,CHN,2003,3.73
China,CHN,2004,3.82
China,CHN,2005,3.82
China,CHN,2006,3.8
China,CHN,2007,3.85
China,CHN,2008,3.93
China,CHN,2009,4.02
China,CHN,2010,4.1
China,CHN,2011,4.24
China,CHN,2012,4.28
China,CHN,2013,4.32
China,CHN,2014,4.35
China,CHN,2015,4.35
China,CHN,2016,4.53
China,CHN,2017,4.65
China,CHN,2018,4.75
China,CHN,2019,4.91
Colombia,COL,2000,0.21
Colombia,COL,2001,0.19
Colombia,COL,2002,0.26
Colombia,COL,2003,0.23
Colombia,COL,2004,0.3
Colombia,COL,2005,0.32
Colombia,COL,2006,0.24
Colombia,COL,2007,0.31
Colombia,COL,2008,0.42
Colombia,COL,2009,0.39
Colombia,COL,2010,0.56
Colombia,COL,2011,0.45
Colombia,COL,2012,0.34
Colombia,COL,2013,0.39
Colombia,COL,2014,0.44
Colombia,COL,2015,0.63
Colombia,COL,2016,0.62
Colombia,COL,2017,0.52
Colombia,COL,2018,0.69
Colombia,COL,2019,0.76
Comoros,COM,2000,1.36
Comoros,COM,2001,1.36
Comoros,COM,2002,1.35
Comoros,COM,2003,1.32
Comoros,COM,2004,1.3
Comoros,COM,2005,1.28
Comoros,COM,2006,1.3
Comoros,COM,2007,1.31
Comoros,COM,2008,1.32
Comoros,COM,2009,1.3
Comoros,COM,2010,1.28
Comoros,COM,2011,1.31
Comoros,COM,2012,1.32
Comoros,COM,2013,1.32
Comoros,COM,2014,1.33
Comoros,COM,2015,1.31
Comoros,COM,2016,1.33
Comoros,COM,2017,1.34
Comoros,COM,2018,1.35
Comoros,COM,2019,1.35
Congo,COG,2000,1.49
Congo,COG,2001,1.45
Congo,COG,2002,1.4
Congo,COG,2003,1.37
Congo,COG,2004,1.35
Congo,COG,2005,1.3
Congo,COG,2006,1.3
Congo,COG,2007,1.29
Congo,COG,2008,1.27
Congo,COG,2009,1.25
Congo,COG,2010,1.22
Congo,COG,2011,1.25
Congo,COG,2012,1.28
Congo,COG,2013,1.28
Congo,COG,2014,1.26
Congo,COG,2015,1.23
Congo,COG,2016,1.25
Congo,COG,2017,1.26
Congo,COG,2018,1.27
Congo,COG,2019,1.28
Costa Rica,CRI,2000,0.76
Costa Rica,CRI,2001,0.95
Costa Rica,CRI,2002,1.05
Costa Rica,CRI,2003,1.02
Costa Rica,CRI,2004,1.48
Costa Rica,CRI,2005,1.43
Costa Rica,CRI,2006,1.75
Costa Rica,CRI,2007,1.31
Costa Rica,CRI,2008,1.67
Costa Rica,CRI,2009,1.36
Costa Rica,CRI,2010,1.7
Costa Rica,CRI,2011,1.41
Costa Rica,CRI,2012,1.31
Costa Rica,CRI,2013,1.18
Costa Rica,CRI,2014,1.48
Costa Rica,CRI,2015,1.87
Costa Rica,CRI,2016,2.33
Costa Rica,CRI,2017,1.84
Costa Rica,CRI,2018,2.49
Costa Rica,CRI,2019,2.73
Cote d'Ivoire,CIV,2000,1.6
Cote d'Ivoire,CIV,2001,1.66
Cote d'Ivoire,CIV,2002,1.69
Cote d'Ivoire,CIV,2003,1.7
Cote d'Ivoire,CIV,2004,1.68
Cote d'Ivoire,CIV,2005,1.64
Cote d'Ivoire,CIV,2006,1.69
Cote d'Ivoire,CIV,2007,1.71
Cote d'Ivoire,CIV,2008,1.68
Cote d'Ivoire,CIV,2009,1.66
Cote d'Ivoire,CIV,2010,1.62
Cote d'Ivoire,CIV,2011,1.65
Cote d'Ivoire,CIV,2012,1.67
Cote d'Ivoire,CIV,2013,1.66
Cote d'Ivoire,CIV,2014,1.63
Cote d'Ivoire,CIV,2015,1.59
Cote d'Ivoire,CIV,2016,1.61
Cote d'Ivoire,CIV,2017,1.62
Cote d'Ivoire,CIV,2018,1.62
Cote d'Ivoire,CIV,2019,1.6
Croatia,HRV,2000,2.35
Croatia,HRV,2001,2.03
Croatia,HRV,2002,2.23
Croatia,HRV,2003,2.28
Croatia,HRV,2004,2.9
Croatia,HRV,2005,4.43
Croatia,HRV,2006,5.43
Croatia,HRV,2007,5.34
Croatia,HRV,2008,5.64
Croatia,HRV,2009,5.86
Croatia,HRV,2010,6.13
Croatia,HRV,2011,7.38
Croatia,HRV,2012,6.37
Croatia,HRV,2013,6.46
Croatia,HRV,2014,6.79
Croatia,HRV,2015,8.74
Croatia,HRV,2016,8.9
Croatia,HRV,2017,11.09
Croatia,HRV,2018,10.04
Croatia,HRV,2019,10.24
Cuba,CUB,2000,1.88
Cuba,CUB,2001,1.98
Cuba,CUB,2002,1.96
Cuba,CUB,2003,2.15
Cuba,CUB,2004,3
Cuba,CUB,2005,3.11
Cuba,CUB,2006,2.53
Cuba,CUB,2007,2.84
Cuba,CUB,2008,3.71
Cuba,CUB,2009,3.55
Cuba,CUB,2010,4.18
Cuba,CUB,2011,3.45
Cuba,CUB,2012,3.9
Cuba,CUB,2013,3.83
Cuba,CUB,2014,4.33
Cuba,CUB,2015,5.08
Cuba,CUB,2016,5.05
Cuba,CUB,2017,5.66
Cuba,CUB,2018,5.81
Cuba,CUB,2019,6.11
Cyprus,CYP,2000,2.87
Cyprus,CYP,2001,2.93
Cyprus,CYP,2002,2.93
Cyprus,CYP,2003,2.92
Cyprus,CYP,2004,2.98
Cyprus,CYP,2005,3.03
Cyprus,CYP,2006,2.51
Cyprus,CYP,2007,2.34
Cyprus,CYP,2008,3.24
Cyprus,CYP,2009,2.3
Cyprus,CYP,2010,1.74
Cyprus,CYP,2011,2.98
Cyprus,CYP,2012,4.46
Cyprus,CYP,2013,2.99
Cyprus,CYP,2014,2.79
Cyprus,CYP,2015,3.44
Cyprus,CYP,2016,4.21
Cyprus,CYP,2017,2.65
Cyprus,CYP,2018,4.14
Cyprus,CYP,2019,3.67
Czechia,CZE,2000,1.76
Czechia,CZE,2001,2.15
Czechia,CZE,2002,2.2
Czechia,CZE,2003,2.69
Czechia,CZE,2004,2.52
Czechia,CZE,2005,2.65
Czechia,CZE,2006,2.32
Czechia,CZE,2007,1.18
Czechia,CZE,2008,1.04
Czechia,CZE,2009,0.9
Czechia,CZE,2010,1.07
Czechia,CZE,2011,2.17
Czechia,CZE,2012,2.87
Czechia,CZE,2013,3.21
Czechia,CZE,2014,3.05
Czechia,CZE,2015,3.69
Czechia,CZE,2016,4.14
Czechia,CZE,2017,4.24
Czechia,CZE,2018,4.44
Czechia,CZE,2019,4.72
Democratic Republic of Congo,COD,2000,1.13
Democratic Republic of Congo,COD,2001,1.14
Democratic Republic of Congo,COD,2002,1.14
Democratic Republic of Congo,COD,2003,1.16
Democratic Republic of Congo,COD,2004,1.15
Democratic Republic of Congo,COD,2005,1.14
Democratic Republic of Congo,COD,2006,1.15
Democratic Republic of Congo,COD,2007,1.14
Democratic Republic of Congo,COD,2008,1.15
Democratic Republic of Congo,COD,2009,1.16
Democratic Republic of Congo,COD,2010,1.15
Democratic Republic of Congo,COD,2011,1.16
Democratic Republic of Congo,COD,2012,1.16
Democratic Republic of Congo,COD,2013,1.16
Democratic Republic of Congo,COD,2014,1.14
Democratic Republic of Congo,COD,2015,1.12
Democratic Republic of Congo,COD,2016,1.13
Democratic Republic of Congo,COD,2017,1.14
Democratic Republic of Congo,COD,2018,1.18
Democratic Republic of Congo,COD,2019,1.19
Denmark,DNK,2000,6.23
Denmark,DNK,2001,6.2
Denmark,DNK,2002,6.6
Denmark,DNK,2003,5.99
Denmark,DNK,2004,5.07
Denmark,DNK,2005,5.29
Denmark,DNK,2006,5.83
Denmark,DNK,2007,6.06
Denmark,DNK,2008,6.15
Denmark,DNK,2009,5.51
Denmark,DNK,2010,6.7
Denmark,DNK,2011,6.09
Denmark,DNK,2012,6.69
Denmark,DNK,2013,7.69
Denmark,DNK,2014,7.85
Denmark,DNK,2015,8.78
Denmark,DNK,2016,9.69
Denmark,DNK,2017,9.08
Denmark,DNK,2018,9.79
Denmark,DNK,2019,10.4
Djibouti,DJI,2000,1.3
Djibouti,DJI,2001,1.34
Djibouti,DJI,2002,1.39
Djibouti,DJI,2003,1.44
Djibouti,DJI,2004,1.49
Djibouti,DJI,2005,1.53
Djibouti,DJI,2006,1.59
Djibouti,DJI,2007,1.64
Djibouti,DJI,2008,1.69
Djibouti,DJI,2009,1.75
Djibouti,DJI,2010,1.81
Djibouti,DJI,2011,1.88
Djibouti,DJI,2012,1.94
Djibouti,DJI,2013,1.99
Djibouti,DJI,2014,2.03
Djibouti,DJI,2015,2.05
Djibouti,DJI,2016,2.12
Djibouti,DJI,2017,2.2
Djibouti,DJI,2018,2.27
Djibouti,DJI,2019,2.33
Dominican Republic,DOM,2000,1.64
Dominican Republic,DOM,2001,1.7
Dominican Republic,DOM,2002,1.77
Dominican Republic,DOM,2003,1.92
Dominican Republic,DOM,2004,2.12
Dominican Republic,DOM,2005,2.29
Dominican Republic,DOM,2006,2.47
Dominican Republic,DOM,2007,2.6
Dominican Republic,DOM,2008,2.72
Dominican Republic,DOM,2009,2.86
Dominican Republic,DOM,2010,2.94
Dominican Republic,DOM,2011,3.09
Dominican Republic,DOM,2012,3.33
Dominican Republic,DOM,2013,3.59
Dominican Republic,DOM,2014,3.8
Dominican Republic,DOM,2015,4.01
Dominican Republic,DOM,2016,4.14
Dominican Republic,DOM,2017,4.17
Dominican Republic,DOM,2018,4.18
Dominican Republic,DOM,2019,4.17
East Timor,TLS,2000,1.16
East Timor,TLS,2001,1.2
East Timor,TLS,2002,1.2
East Timor,TLS,2003,1.27
East Timor,TLS,2004,1.32
East Timor,TLS,2005,1.33
East Timor,TLS,2006,1.34
East Timor,TLS,2007,1.33
East Timor,TLS,2008,1.38
East Timor,TLS,2009,1.6
East Timor,TLS,2010,1.61
East Timor,TLS,2011,1.69
East Timor,TLS,2012,1.69
East Timor,TLS,2013,1.74
East Timor,TLS,2014,1.77
East Timor,TLS,2015,1.72
East Timor,TLS,2016,1.83
East Timor,TLS,2017,1.84
East Timor,TLS,2018,1.93
East Timor,TLS,2019,1.98
Ecuador,ECU,2000,2.35
Ecuador,ECU,2001,2.48
Ecuador,ECU,2002,2.77
Ecuador,ECU,2003,2.86
Ecuador,ECU,2004,3.11
Ecuador,ECU,2005,3.35
Ecuador,ECU,2006,3.44
Ecuador,ECU,2007,3.47
Ecuador,ECU,2008,3.57
Ecuador,ECU,2009,3.45
Ecuador,ECU,2010,3.62
Ecuador,ECU,2011,3.66
Ecuador,ECU,2012,3.78
Ecuador,ECU,2013,3.79
Ecuador,ECU,2014,3.71
Ecuador,ECU,2015,3.75
Ecuador,ECU,2016,3.78
Ecuador,ECU,2017,3.86
Ecuador,ECU,2018,3.81
Ecuador,ECU,2019,3.78
Egypt,EGY,2000,1.8
Egypt,EGY,2001,1.94
Egypt,EGY,2002,2.02
Egypt,EGY,2003,2.15
Egypt,EGY,2004,2.1
Egypt,EGY,2005,2.07
Egypt,EGY,2006,2.09
Egypt,EGY,2007,2.11
Egypt,EGY,2008,2.15
Egypt,EGY,2009,2.16
Egypt,EGY,2010,2.19
Egypt,EGY,2011,2.17
Egypt,EGY,2012,2.33
Egypt,EGY,2013,2.15
Egypt,EGY,2014,2.23
Egypt,EGY,2015,2.46
Egypt,EGY,2016,2.35
Egypt,EGY,2017,2.31
Egypt,EGY,2018,2.35
Egypt,EGY,2019,2.39
El Salvador,SLV,2000,0.17
El Salvador,SLV,2001,0.44
El Salvador,SLV,2002,0.42
El Salvador,SLV,2003,0.32
El Salvador,SLV,2004,0.34
El Salvador,SLV,2005,0.52
El Salvador,SLV,2006,0.45
El Salvador,SLV,2007,0.42
El Salvador,SLV,2008,0.68
El Salvador,SLV,2009,0.61
El Salvador,SLV,2010,0.9
El Salvador,SLV,2011,0.84
El Salvador,SLV,2012,1.07
El Salvador,SLV,2013,0.91
El Salvador,SLV,2014,1.13
El Salvador,SLV,2015,1.2
El Salvador,SLV,2016,1.04
El Salvador,SLV,2017,1.07
El Salvador,SLV,2018,1.08
El Salvador,SLV,2019,1.08
Equatorial Guinea,GNQ,2000,1.68
Equatorial Guinea,GNQ,2001,1.65
Equatorial Guinea,GNQ,2002,1.61
Equatorial Guinea,GNQ,2003,1.6
Equatorial Guinea,GNQ,2004,1.56
Equatorial Guinea,GNQ,2005,1.53
Equatorial Guinea,GNQ,2006,1.55
Equatorial Guinea,GNQ,2007,1.54
Equatorial Guinea,GNQ,2008,1.52
Equatorial Guinea,GNQ,2009,1.49
Equatorial Guinea,GNQ,2010,1.45
Equatorial Guinea,GNQ,2011,1.49
Equatorial Guinea,GNQ,2012,1.48
Equatorial Guinea,GNQ,2013,1.44
Equatorial Guinea,GNQ,2014,1.4
Equatorial Guinea,GNQ,2015,1.37
Equatorial Guinea,GNQ,2016,1.39
Equatorial Guinea,GNQ,2017,1.35
Equatorial Guinea,GNQ,2018,1.35
Equatorial Guinea,GNQ,2019,1.3
Eritrea,ERI,2000,1.92
Eritrea,ERI,2001,1.94
Eritrea,ERI,2002,1.96
Eritrea,ERI,2003,1.93
Eritrea,ERI,2004,1.94
Eritrea,ERI,2005,1.94
Eritrea,ERI,2006,1.99
Eritrea,ERI,2007,2.01
Eritrea,ERI,2008,2.04
Eritrea,ERI,2009,2.04
Eritrea,ERI,2010,2.04
Eritrea,ERI,2011,2.1
Eritrea,ERI,2012,2.15
Eritrea,ERI,2013,2.18
Eritrea,ERI,2014,2.22
Eritrea,ERI,2015,2.25
Eritrea,ERI,2016,2.31
Eritrea,ERI,2017,2.36
Eritrea,ERI,2018,2.4
Eritrea,ERI,2019,2.42
Estonia,EST,2000,1.48
Estonia,EST,2001,2.4
Estonia,EST,2002,1.72
Estonia,EST,2003,1.58
Estonia,EST,2004,2.3
Estonia,EST,2005,2.2
Estonia,EST,2006,2.75
Estonia,EST,2007,3
Estonia,EST,2008,3.9
Estonia,EST,2009,4.06
Estonia,EST,2010,3.59
Estonia,EST,2011,4.64
Estonia,EST,2012,5.33
Estonia,EST,2013,5.04
Estonia,EST,2014,4.83
Estonia,EST,2015,5.68
Estonia,EST,2016,5.48
Estonia,EST,2017,6.85
Estonia,EST,2018,7.97
Estonia,EST,2019,6.18
Eswatini,SWZ,2000,1.24
Eswatini,SWZ,2001,1.37
Eswatini,SWZ,2002,1.5
Eswatini,SWZ,2003,1.59
Eswatini,SWZ,2004,1.67
Eswatini,SWZ,2005,1.73
Eswatini,SWZ,2006,1.8
Eswatini,SWZ,2007,1.9
Eswatini,SWZ,2008,1.94
Eswatini,SWZ,2009,1.96
Eswatini,SWZ,2010,1.93
Eswatini,SWZ,2011,1.95
Eswatini,SWZ,2012,2.01
Eswatini,SWZ,2013,2.02
Eswatini,SWZ,2014,2.01
Eswatini,SWZ,2015,1.99
Eswatini,SWZ,2016,2.04
Eswatini,SWZ,2017,2.05
Eswatini,SWZ,2018,2.05
Eswatini,SWZ,2019,2.08
Ethiopia,ETH,2000,1.39
Ethiopia,ETH,2001,1.38
Ethiopia,ETH,2002,1.37
Ethiopia,ETH,2003,1.36
Ethiopia,ETH,2004,1.34
Ethiopia,ETH,2005,1.32
Ethiopia,ETH,2006,1.32
Ethiopia,ETH,2007,1.33
Ethiopia,ETH,2008,1.33
Ethiopia,ETH,2009,1.32
Ethiopia,ETH,2010,1.33
Ethiopia,ETH,2011,1.34
Ethiopia,ETH,2012,1.33
Ethiopia,ETH,2013,1.33
Ethiopia,ETH,2014,1.32
Ethiopia,ETH,2015,1.32
Ethiopia,ETH,2016,1.34
Ethiopia,ETH,2017,1.36
Ethiopia,ETH,2018,1.39
Ethiopia,ETH,2019,1.41
Europe,,2000,4.699583
Europe,,2001,5.0022564
Europe,,2002,5.329463
Europe,,2003,5.8057327
Europe,,2004,5.2934804
Europe,,2005,5.7307386
Europe,,2006,5.9048676
Europe,,2007,5.9799657
Europe,,2008,6.2728834
Europe,,2009,6.484044
Europe,,2010,6.777672
Europe,,2011,6.685633
Europe,,2012,7.297133
Europe,,2013,7.496138
Europe,,2014,7.718557
Europe,,2015,8.4643755
Europe,,2016,8.896331
Europe,,2017,9.430466
Europe,,2018,9.76493
Europe,,2019,10.028649
Fiji,FJI,2000,3.28
Fiji,FJI,2001,3.36
Fiji,FJI,2002,3.44
Fiji,FJI,2003,3.55
Fiji,FJI,2004,3.42
Fiji,FJI,2005,3.43
Fiji,FJI,2006,3.58
Fiji,FJI,2007,3.75
Fiji,FJI,2008,3.82
Fiji,FJI,2009,3.78
Fiji,FJI,2010,3.87
Fiji,FJI,2011,4.03
Fiji,FJI,2012,4.09
Fiji,FJI,2013,4.1
Fiji,FJI,2014,4.08
Fiji,FJI,2015,3.98
Fiji,FJI,2016,4.16
Fiji,FJI,2017,4.32
Fiji,FJI,2018,4.43
Fiji,FJI,2019,4.53
Finland,FIN,2000,5.93
Finland,FIN,2001,6.42
Finland,FIN,2002,7.35
Finland,FIN,2003,7.43
Finland,FIN,2004,7
Finland,FIN,2005,7.12
Finland,FIN,2006,7.66
Finland,FIN,2007,7.19
Finland,FIN,2008,8.83
Finland,FIN,2009,8.56
Finland,FIN,2010,9.66
Finland,FIN,2011,10.44
Finland,FIN,2012,11.29
Finland,FIN,2013,10.57
Finland,FIN,2014,13.18
Finland,FIN,2015,12.54
Finland,FIN,2016,13.45
Finland,FIN,2017,13.88
Finland,FIN,2018,14.52
Finland,FIN,2019,15.42
France,FRA,2000,6.93
France,FRA,2001,7.36
France,FRA,2002,7.32
France,FRA,2003,8.08
France,FRA,2004,6.53
France,FRA,2005,7.57
France,FRA,2006,7.42
France,FRA,2007,7.52
France,FRA,2008,7.84
France,FRA,2009,8.03
France,FRA,2010,8.48
France,FRA,2011,8.64
France,FRA,2012,9.21
France,FRA,2013,9.35
France,FRA,2014,9.42
France,FRA,2015,10.51
France,FRA,2016,11.25
France,FRA,2017,11.1
France,FRA,2018,11.37
France,FRA,2019,11.63
Gabon,GAB,2000,3.26
Gabon,GAB,2001,3.25
Gabon,GAB,2002,3.13
Gabon,GAB,2003,3.08
Gabon,GAB,2004,2.92
Gabon,GAB,2005,2.84
Gabon,GAB,2006,2.88
Gabon,GAB,2007,2.81
Gabon,GAB,2008,2.81
Gabon,GAB,2009,2.66
Gabon,GAB,2010,2.52
Gabon,GAB,2011,2.53
Gabon,GAB,2012,2.39
Gabon,GAB,2013,2.3
Gabon,GAB,2014,2.36
Gabon,GAB,2015,2.28
Gabon,GAB,2016,2.29
Gabon,GAB,2017,2.26
Gabon,GAB,2018,2.24
Gabon,GAB,2019,2.17
Gambia,GMB,2000,1.13
Gambia,GMB,2001,1.19
Gambia,GMB,2002,1.24
Gambia,GMB,2003,1.27
Gambia,GMB,2004,1.29
Gambia,GMB,2005,1.29
Gambia,GMB,2006,1.34
Gambia,GMB,2007,1.37
Gambia,GMB,2008,1.39
Gambia,GMB,2009,1.39
Gambia,GMB,2010,1.38
Gambia,GMB,2011,1.44
Gambia,GMB,2012,1.46
Gambia,GMB,2013,1.47
Gambia,GMB,2014,1.45
Gambia,GMB,2015,1.43
Gambia,GMB,2016,1.45
Gambia,GMB,2017,1.46
Gambia,GMB,2018,1.47
Gambia,GMB,2019,1.46
Georgia,GEO,2000,5.98
Georgia,GEO,2001,5.79
Georgia,GEO,2002,6.83
Georgia,GEO,2003,7.28
Georgia,GEO,2004,7.98
Georgia,GEO,2005,6.54
Georgia,GEO,2006,6.95
Georgia,GEO,2007,6.85
Georgia,GEO,2008,7.02
Georgia,GEO,2009,7.72
Georgia,GEO,2010,8.33
Georgia,GEO,2011,8.93
Georgia,GEO,2012,8.86
Georgia,GEO,2013,8.77
Georgia,GEO,2014,9.03
Georgia,GEO,2015,9.13
Georgia,GEO,2016,9.49
Georgia,GEO,2017,8.99
Georgia,GEO,2018,8.75
Georgia,GEO,2019,8.87
Germany,DEU,2000,5.69
Germany,DEU,2001,5.75
Germany,DEU,2002,6.47
Germany,DEU,2003,6.83
Germany,DEU,2004,6.45
Germany,DEU,2005,6.53
Germany,DEU,2006,7.19
Germany,DEU,2007,6.49
Germany,DEU,2008,7.42
Germany,DEU,2009,7.93
Germany,DEU,2010,8.79
Germany,DEU,2011,8.94
Germany,DEU,2012,9.8
Germany,DEU,2013,11.13
Germany,DEU,2014,11.13
Germany,DEU,2015,12.98
Germany,DEU,2016,13.2
Germany,DEU,2017,14.2
Germany,DEU,2018,15.45
Germany,DEU,2019,15.08
Ghana,GHA,2000,1.1
Ghana,GHA,2001,1.15
Ghana,GHA,2002,1.19
Ghana,GHA,2003,1.19
Ghana,GHA,2004,1.18
Ghana,GHA,2005,1.17
Ghana,GHA,2006,1.21
Ghana,GHA,2007,1.23
Ghana,GHA,2008,1.25
Ghana,GHA,2009,1.24
Ghana,GHA,2010,1.23
Ghana,GHA,2011,1.27
Ghana,GHA,2012,1.28
Ghana,GHA,2013,1.28
Ghana,GHA,2014,1.26
Ghana,GHA,2015,1.23
Ghana,GHA,2016,1.25
Ghana,GHA,2017,1.26
Ghana,GHA,2018,1.27
Ghana,GHA,2019,1.27
Greece,GRC,2000,2.12
Greece,GRC,2001,1.2
Greece,GRC,2002,1.4
Greece,GRC,2003,1.32
Greece,GRC,2004,1.76
Greece,GRC,2005,1.85
Greece,GRC,2006,2.2
Greece,GRC,2007,3.35
Greece,GRC,2008,4.28
Greece,GRC,2009,4.93
Greece,GRC,2010,5.25
Greece,GRC,2011,5.22
Greece,GRC,2012,6.47
Greece,GRC,2013,6.5
Greece,GRC,2014,8.95
Greece,GRC,2015,11.64
Greece,GRC,2016,14.1
Greece,GRC,2017,16.78
Greece,GRC,2018,20.91
Greece,GRC,2019,25.2
Grenada,GRD,2000,1.81
Grenada,GRD,2001,1.54
Grenada,GRD,2002,2.1
Grenada,GRD,2003,1.86
Grenada,GRD,2004,2.34
Grenada,GRD,2005,2.84
Grenada,GRD,2006,3.5
Grenada,GRD,2007,4.05
Grenada,GRD,2008,2.62
Grenada,GRD,2009,3.08
Grenada,GRD,2010,1.56
Grenada,GRD,2011,1.63
Grenada,GRD,2012,1.41
Grenada,GRD,2013,1.92
Grenada,GRD,2014,2.31
Grenada,GRD,2015,1.79
Grenada,GRD,2016,1.71
Grenada,GRD,2017,2.58
Grenada,GRD,2018,3.1
Grenada,GRD,2019,2.45
Guatemala,GTM,2000,1.67
Guatemala,GTM,2001,1.76
Guatemala,GTM,2002,1.75
Guatemala,GTM,2003,1.78
Guatemala,GTM,2004,1.84
Guatemala,GTM,2005,1.95
Guatemala,GTM,2006,1.96
Guatemala,GTM,2007,1.92
Guatemala,GTM,2008,1.95
Guatemala,GTM,2009,2.03
Guatemala,GTM,2010,2.11
Guatemala,GTM,2011,2.13
Guatemala,GTM,2012,2.13
Guatemala,GTM,2013,2.15
Guatemala,GTM,2014,2.21
Guatemala,GTM,2015,2.23
Guatemala,GTM,2016,2.2
Guatemala,GTM,2017,2.21
Guatemala,GTM,2018,2.23
Guatemala,GTM,2019,2.23
Guinea,GIN,2000,1.61
Guinea,GIN,2001,1.66
Guinea,GIN,2002,1.72
Guinea,GIN,2003,1.73
Guinea,GIN,2004,1.71
Guinea,GIN,2005,1.65
Guinea,GIN,2006,1.73
Guinea,GIN,2007,1.76
Guinea,GIN,2008,1.76
Guinea,GIN,2009,1.74
Guinea,GIN,2010,1.71
Guinea,GIN,2011,1.76
Guinea,GIN,2012,1.78
Guinea,GIN,2013,1.78
Guinea,GIN,2014,1.74
Guinea,GIN,2015,1.71
Guinea,GIN,2016,1.72
Guinea,GIN,2017,1.7
Guinea,GIN,2018,1.7
Guinea,GIN,2019,1.66
Guinea-Bissau,GNB,2000,1.63
Guinea-Bissau,GNB,2001,1.65
Guinea-Bissau,GNB,2002,1.67
Guinea-Bissau,GNB,2003,1.64
Guinea-Bissau,GNB,2004,1.63
Guinea-Bissau,GNB,2005,1.57
Guinea-Bissau,GNB,2006,1.61
Guinea-Bissau,GNB,2007,1.61
Guinea-Bissau,GNB,2008,1.61
Guinea-Bissau,GNB,2009,1.59
Guinea-Bissau,GNB,2010,1.54
Guinea-Bissau,GNB,2011,1.55
Guinea-Bissau,GNB,2012,1.54
Guinea-Bissau,GNB,2013,1.53
Guinea-Bissau,GNB,2014,1.47
Guinea-Bissau,GNB,2015,1.39
Guinea-Bissau,GNB,2016,1.42
Guinea-Bissau,GNB,2017,1.43
Guinea-Bissau,GNB,2018,1.43
Guinea-Bissau,GNB,2019,1.41
Guyana,GUY,2000,0.87
Guyana,GUY,2001,0.66
Guyana,GUY,2002,0.84
Guyana,GUY,2003,0.92
Guyana,GUY,2004,1.19
Guyana,GUY,2005,1.4
Guyana,GUY,2006,1.41
Guyana,GUY,2007,1.18
Guyana,GUY,2008,0.84
Guyana,GUY,2009,0.79
Guyana,GUY,2010,0.61
Guyana,GUY,2011,0.55
Guyana,GUY,2012,0.63
Guyana,GUY,2013,0.73
Guyana,GUY,2014,0.87
Guyana,GUY,2015,0.8
Guyana,GUY,2016,0.86
Guyana,GUY,2017,0.96
Guyana,GUY,2018,1.07
Guyana,GUY,2019,1.15
Haiti,HTI,2000,2.24
Haiti,HTI,2001,2.28
Haiti,HTI,2002,2.3
Haiti,HTI,2003,2.32
Haiti,HTI,2004,2.32
Haiti,HTI,2005,2.33
Haiti,HTI,2006,2.39
Haiti,HTI,2007,2.44
Haiti,HTI,2008,2.47
Haiti,HTI,2009,2.48
Haiti,HTI,2010,2.29
Haiti,HTI,2011,2.57
Haiti,HTI,2012,2.61
Haiti,HTI,2013,2.65
Haiti,HTI,2014,2.69
Haiti,HTI,2015,2.7
Haiti,HTI,2016,2.77
Haiti,HTI,2017,2.81
Haiti,HTI,2018,2.89
Haiti,HTI,2019,2.92
Honduras,HND,2000,2.33
Honduras,HND,2001,2.38
Honduras,HND,2002,2.43
Honduras,HND,2003,2.47
Honduras,HND,2004,2.53
Honduras,HND,2005,2.58
Honduras,HND,2006,2.69
Honduras,HND,2007,2.77
Honduras,HND,2008,2.84
Honduras,HND,2009,2.97
Honduras,HND,2010,3.13
Honduras,HND,2011,3.44
Honduras,HND,2012,4.12
Honduras,HND,2013,4.22
Honduras,HND,2014,4.31
Honduras,HND,2015,4.39
Honduras,HND,2016,4.27
Honduras,HND,2017,4.37
Honduras,HND,2018,4.34
Honduras,HND,2019,4.4
Hungary,HUN,2000,2.3
Hungary,HUN,2001,2.13
Hungary,HUN,2002,1.48
Hungary,HUN,2003,1.7
Hungary,HUN,2004,1.77
Hungary,HUN,2005,2.94
Hungary,HUN,2006,2.94
Hungary,HUN,2007,3.6
Hungary,HUN,2008,3.15
Hungary,HUN,2009,3.45
Hungary,HUN,2010,3.53
Hungary,HUN,2011,2.97
Hungary,HUN,2012,3.6
Hungary,HUN,2013,3.56
Hungary,HUN,2014,3.76
Hungary,HUN,2015,4.51
Hungary,HUN,2016,3.93
Hungary,HUN,2017,5.1
Hungary,HUN,2018,4.98
Hungary,HUN,2019,5.05
Iceland,ISL,2000,5.83
Iceland,ISL,2001,5.85
Iceland,ISL,2002,6.92
Iceland,ISL,2003,7.73
Iceland,ISL,2004,9.31
Iceland,ISL,2005,9.47
Iceland,ISL,2006,9.1
Iceland,ISL,2007,7.51
Iceland,ISL,2008,8.13
Iceland,ISL,2009,8.33
Iceland,ISL,2010,10
Iceland,ISL,2011,9.9
Iceland,ISL,2012,11.09
Iceland,ISL,2013,9.45
Iceland,ISL,2014,9.34
Iceland,ISL,2015,8.69
Iceland,ISL,2016,10.95
Iceland,ISL,2017,13.5
Iceland,ISL,2018,14.62
Iceland,ISL,2019,15.62
India,IND,2000,2.18
India,IND,2001,2.29
India,IND,2002,2.36
India,IND,2003,2.31
India,IND,2004,2.18
India,IND,2005,2.25
India,IND,2006,2.38
India,IND,2007,2.46
India,IND,2008,2.53
India,IND,2009,2.39
India,IND,2010,2.3
India,IND,2011,2.36
India,IND,2012,2.46
India,IND,2013,2.69
India,IND,2014,2.81
India,IND,2015,2.81
India,IND,2016,2.88
India,IND,2017,2.95
India,IND,2018,3.12
India,IND,2019,3.17
Indonesia,IDN,2000,1.99
Indonesia,IDN,2001,2.07
Indonesia,IDN,2002,2.13
Indonesia,IDN,2003,2.18
Indonesia,IDN,2004,2.21
Indonesia,IDN,2005,2.23
Indonesia,IDN,2006,2.33
Indonesia,IDN,2007,2.42
Indonesia,IDN,2008,2.47
Indonesia,IDN,2009,2.49
Indonesia,IDN,2010,2.5
Indonesia,IDN,2011,2.6
Indonesia,IDN,2012,2.68
Indonesia,IDN,2013,2.72
Indonesia,IDN,2014,2.76
Indonesia,IDN,2015,2.78
Indonesia,IDN,2016,2.88
Indonesia,IDN,2017,2.97
Indonesia,IDN,2018,3.06
Indonesia,IDN,2019,3.13
Iran,IRN,2000,1.66
Iran,IRN,2001,1.74
Iran,IRN,2002,1.81
Iran,IRN,2003,1.88
Iran,IRN,2004,1.93
Iran,IRN,2005,2
Iran,IRN,2006,2.09
Iran,IRN,2007,2.17
Iran,IRN,2008,2.22
Iran,IRN,2009,2.29
Iran,IRN,2010,2.35
Iran,IRN,2011,2.46
Iran,IRN,2012,2.54
Iran,IRN,2013,2.67
Iran,IRN,2014,2.81
Iran,IRN,2015,2.97
Iran,IRN,2016,3.05
Iran,IRN,2017,3.08
Iran,IRN,2018,3.07
Iran,IRN,2019,3.07
Iraq,IRQ,2000,1.63
Iraq,IRQ,2001,1.65
Iraq,IRQ,2002,1.66
Iraq,IRQ,2003,1.64
Iraq,IRQ,2004,1.6
Iraq,IRQ,2005,1.54
Iraq,IRQ,2006,1.53
Iraq,IRQ,2007,1.58
Iraq,IRQ,2008,1.58
Iraq,IRQ,2009,1.57
Iraq,IRQ,2010,1.54
Iraq,IRQ,2011,1.56
Iraq,IRQ,2012,1.56
Iraq,IRQ,2013,1.56
Iraq,IRQ,2014,1.55
Iraq,IRQ,2015,1.51
Iraq,IRQ,2016,1.54
Iraq,IRQ,2017,1.55
Iraq,IRQ,2018,1.61
Iraq,IRQ,2019,1.67
Ireland,IRL,2000,3.35
Ireland,IRL,2001,3.32
Ireland,IRL,2002,3.32
Ireland,IRL,2003,3.3
Ireland,IRL,2004,3.27
Ireland,IRL,2005,3.21
Ireland,IRL,2006,3.64
Ireland,IRL,2007,3.93
Ireland,IRL,2008,4.49
Ireland,IRL,2009,4.68
Ireland,IRL,2010,5.58
Ireland,IRL,2011,5.71
Ireland,IRL,2012,6.21
Ireland,IRL,2013,6.74
Ireland,IRL,2014,7.43
Ireland,IRL,2015,7.46
Ireland,IRL,2016,8.36
Ireland,IRL,2017,9.16
Ireland,IRL,2018,9.99
Ireland,IRL,2019,10.85
Israel,ISR,2000,4.53
Israel,ISR,2001,4.78
Israel,ISR,2002,4.69
Israel,ISR,2003,4.09
Israel,ISR,2004,3.85
Israel,ISR,2005,4.31
Israel,ISR,2006,3.67
Israel,ISR,2007,4.02
Israel,ISR,2008,3.71
Israel,ISR,2009,3.23
Israel,ISR,2010,3.6
Israel,ISR,2011,3.25
Israel,ISR,2012,3.5
Israel,ISR,2013,3.65
Israel,ISR,2014,3.99
Israel,ISR,2015,3.89
Israel,ISR,2016,4.29
Israel,ISR,2017,4.03
Israel,ISR,2018,4.58
Israel,ISR,2019,4.67
Italy,ITA,2000,5.24
Italy,ITA,2001,5.19
Italy,ITA,2002,5.03
Italy,ITA,2003,6.26
Italy,ITA,2004,5.05
Italy,ITA,2005,6.65
Italy,ITA,2006,6.98
Italy,ITA,2007,7.4
Italy,ITA,2008,7.19
Italy,ITA,2009,7.39
Italy,ITA,2010,7.73
Italy,ITA,2011,8.07
Italy,ITA,2012,9.09
Italy,ITA,2013,8.76
Italy,ITA,2014,9.06
Italy,ITA,2015,10.85
Italy,ITA,2016,11.78
Italy,ITA,2017,13.42
Italy,ITA,2018,13.31
Italy,ITA,2019,13.91
Jamaica,JAM,2000,4.09
Jamaica,JAM,2001,4.15
Jamaica,JAM,2002,4.07
Jamaica,JAM,2003,4.02
Jamaica,JAM,2004,3.94
Jamaica,JAM,2005,3.68
Jamaica,JAM,2006,3.73
Jamaica,JAM,2007,4.03
Jamaica,JAM,2008,4.47
Jamaica,JAM,2009,4.79
Jamaica,JAM,2010,4.23
Jamaica,JAM,2011,4.6
Jamaica,JAM,2012,4.17
Jamaica,JAM,2013,4.11
Jamaica,JAM,2014,4.38
Jamaica,JAM,2015,4.41
Jamaica,JAM,2016,4.42
Jamaica,JAM,2017,4.38
Jamaica,JAM,2018,4.45
Jamaica,JAM,2019,4.49
Japan,JPN,2000,2.33
Japan,JPN,2001,2.47
Japan,JPN,2002,2.55
Japan,JPN,2003,2.64
Japan,JPN,2004,2.75
Japan,JPN,2005,3.04
Japan,JPN,2006,3.25
Japan,JPN,2007,3.44
Japan,JPN,2008,3.81
Japan,JPN,2009,3.82
Japan,JPN,2010,4.32
Japan,JPN,2011,4.83
Japan,JPN,2012,5.19
Japan,JPN,2013,5.65
Japan,JPN,2014,5.67
Japan,JPN,2015,6.23
Japan,JPN,2016,6.62
Japan,JPN,2017,8.93
Japan,JPN,2018,9.69
Japan,JPN,2019,11.03
Jordan,JOR,2000,1.38
Jordan,JOR,2001,1.4
Jordan,JOR,2002,1.4
Jordan,JOR,2003,1.32
Jordan,JOR,2004,1.32
Jordan,JOR,2005,1.37
Jordan,JOR,2006,1.41
Jordan,JOR,2007,1.33
Jordan,JOR,2008,1.29
Jordan,JOR,2009,1.3
Jordan,JOR,2010,1.36
Jordan,JOR,2011,1.38
Jordan,JOR,2012,1.4
Jordan,JOR,2013,1.39
Jordan,JOR,2014,1.41
Jordan,JOR,2015,1.44
Jordan,JOR,2016,1.51
Jordan,JOR,2017,1.57
Jordan,JOR,2018,1.63
Jordan,JOR,2019,1.67
Kazakhstan,KAZ,2000,3.14
Kazakhstan,KAZ,2001,3.28
Kazakhstan,KAZ,2002,3.33
Kazakhstan,KAZ,2003,3.47
Kazakhstan,KAZ,2004,3.22
Kazakhstan,KAZ,2005,3.23
Kazakhstan,KAZ,2006,3.24
Kazakhstan,KAZ,2007,3.35
Kazakhstan,KAZ,2008,3.33
Kazakhstan,KAZ,2009,3.17
Kazakhstan,KAZ,2010,3.35
Kazakhstan,KAZ,2011,3.47
Kazakhstan,KAZ,2012,3.56
Kazakhstan,KAZ,2013,3.57
Kazakhstan,KAZ,2014,3.61
Kazakhstan,KAZ,2015,3.65
Kazakhstan,KAZ,2016,3.88
Kazakhstan,KAZ,2017,4.07
Kazakhstan,KAZ,2018,3.97
Kazakhstan,KAZ,2019,3.89
Kenya,KEN,2000,0.78
Kenya,KEN,2001,0.78
Kenya,KEN,2002,0.79
Kenya,KEN,2003,0.77
Kenya,KEN,2004,0.74
Kenya,KEN,2005,0.73
Kenya,KEN,2006,0.75
Kenya,KEN,2007,0.75
Kenya,KEN,2008,0.75
Kenya,KEN,2009,0.73
Kenya,KEN,2010,0.71
Kenya,KEN,2011,0.74
Kenya,KEN,2012,0.75
Kenya,KEN,2013,0.77
Kenya,KEN,2014,0.76
Kenya,KEN,2015,0.76
Kenya,KEN,2016,0.79
Kenya,KEN,2017,0.82
Kenya,KEN,2018,0.87
Kenya,KEN,2019,0.89
Kiribati,KIR,2000,4.32
Kiribati,KIR,2001,4.33
Kiribati,KIR,2002,4.32
Kiribati,KIR,2003,4.31
Kiribati,KIR,2004,4.24
Kiribati,KIR,2005,4.19
Kiribati,KIR,2006,4.31
Kiribati,KIR,2007,4.4
Kiribati,KIR,2008,4.42
Kiribati,KIR,2009,4.4
Kiribati,KIR,2010,4.36
Kiribati,KIR,2011,4.42
Kiribati,KIR,2012,4.45
Kiribati,KIR,2013,4.47
Kiribati,KIR,2014,4.4
Kiribati,KIR,2015,4.28
Kiribati,KIR,2016,4.51
Kiribati,KIR,2017,4.7
Kiribati,KIR,2018,4.9
Kiribati,KIR,2019,5.09
Kuwait,KWT,2000,0.49
Kuwait,KWT,2001,0.46
Kuwait,KWT,2002,0.49
Kuwait,KWT,2003,0.48
Kuwait,KWT,2004,0.49
Kuwait,KWT,2005,0.49
Kuwait,KWT,2006,0.5
Kuwait,KWT,2007,0.48
Kuwait,KWT,2008,0.54
Kuwait,KWT,2009,0.51
Kuwait,KWT,2010,0.45
Kuwait,KWT,2011,0.43
Kuwait,KWT,2012,0.44
Kuwait,KWT,2013,0.45
Kuwait,KWT,2014,0.47
Kuwait,KWT,2015,0.49
Kuwait,KWT,2016,0.54
Kuwait,KWT,2017,0.58
Kuwait,KWT,2018,0.63
Kuwait,KWT,2019,0.68
Kyrgyzstan,KGZ,2000,2.1
Kyrgyzstan,KGZ,2001,2.01
Kyrgyzstan,KGZ,2002,2.27
Kyrgyzstan,KGZ,2003,2.32
Kyrgyzstan,KGZ,2004,2.18
Kyrgyzstan,KGZ,2005,2.34
Kyrgyzstan,KGZ,2006,2.39
Kyrgyzstan,KGZ,2007,2.31
Kyrgyzstan,KGZ,2008,2.3
Kyrgyzstan,KGZ,2009,2.23
Kyrgyzstan,KGZ,2010,2.12
Kyrgyzstan,KGZ,2011,2.11
Kyrgyzstan,KGZ,2012,2.11
Kyrgyzstan,KGZ,2013,1.91
Kyrgyzstan,KGZ,2014,1.93
Kyrgyzstan,KGZ,2015,1.87
Kyrgyzstan,KGZ,2016,1.73
Kyrgyzstan,KGZ,2017,1.67
Kyrgyzstan,KGZ,2018,1.58
Kyrgyzstan,KGZ,2019,1.47
Laos,LAO,2000,1.53
Laos,LAO,2001,1.58
Laos,LAO,2002,1.59
Laos,LAO,2003,1.59
Laos,LAO,2004,1.6
Laos,LAO,2005,1.59
Laos,LAO,2006,1.63
Laos,LAO,2007,1.64
Laos,LAO,2008,1.65
Laos,LAO,2009,1.64
Laos,LAO,2010,1.63
Laos,LAO,2011,1.66
Laos,LAO,2012,1.68
Laos,LAO,2013,1.7
Laos,LAO,2014,1.71
Laos,LAO,2015,1.73
Laos,LAO,2016,1.78
Laos,LAO,2017,1.83
Laos,LAO,2018,1.89
Laos,LAO,2019,1.94
Latvia,LVA,2000,1.53
Latvia,LVA,2001,3
Latvia,LVA,2002,3.09
Latvia,LVA,2003,2.71
Latvia,LVA,2004,1.42
Latvia,LVA,2005,1.11
Latvia,LVA,2006,1.44
Latvia,LVA,2007,1.07
Latvia,LVA,2008,1.39
Latvia,LVA,2009,1.45
Latvia,LVA,2010,1.47
Latvia,LVA,2011,1.92
Latvia,LVA,2012,2.14
Latvia,LVA,2013,2.37
Latvia,LVA,2014,2.09
Latvia,LVA,2015,3.29
Latvia,LVA,2016,4.52
Latvia,LVA,2017,6.15
Latvia,LVA,2018,6.3
Latvia,LVA,2019,6.58
Lebanon,LBN,2000,2.05
Lebanon,LBN,2001,2.06
Lebanon,LBN,2002,2.06
Lebanon,LBN,2003,2.07
Lebanon,LBN,2004,2.1
Lebanon,LBN,2005,2.15
Lebanon,LBN,2006,2.26
Lebanon,LBN,2007,2.4
Lebanon,LBN,2008,2.54
Lebanon,LBN,2009,2.68
Lebanon,LBN,2010,2.81
Lebanon,LBN,2011,2.88
Lebanon,LBN,2012,2.91
Lebanon,LBN,2013,2.93
Lebanon,LBN,2014,2.94
Lebanon,LBN,2015,2.97
Lebanon,LBN,2016,3.06
Lebanon,LBN,2017,3.15
Lebanon,LBN,2018,3.21
Lebanon,LBN,2019,3.3
Lesotho,LSO,2000,1.47
Lesotho,LSO,2001,1.55
Lesotho,LSO,2002,1.67
Lesotho,LSO,2003,1.81
Lesotho,LSO,2004,1.89
Lesotho,LSO,2005,1.96
Lesotho,LSO,2006,2.11
Lesotho,LSO,2007,2.21
Lesotho,LSO,2008,2.34
Lesotho,LSO,2009,2.39
Lesotho,LSO,2010,2.44
Lesotho,LSO,2011,2.52
Lesotho,LSO,2012,2.61
Lesotho,LSO,2013,2.69
Lesotho,LSO,2014,2.72
Lesotho,LSO,2015,2.7
Lesotho,LSO,2016,2.68
Lesotho,LSO,2017,2.63
Lesotho,LSO,2018,2.61
Lesotho,LSO,2019,2.58
Liberia,LBR,2000,1.52
Liberia,LBR,2001,1.53
Liberia,LBR,2002,1.59
Liberia,LBR,2003,1.53
Liberia,LBR,2004,1.56
Liberia,LBR,2005,1.47
Liberia,LBR,2006,1.53
Liberia,LBR,2007,1.57
Liberia,LBR,2008,1.57
Liberia,LBR,2009,1.56
Liberia,LBR,2010,1.54
Liberia,LBR,2011,1.59
Liberia,LBR,2012,1.57
Liberia,LBR,2013,1.52
Liberia,LBR,2014,1.49
Liberia,LBR,2015,1.37
Liberia,LBR,2016,1.41
Liberia,LBR,2017,1.43
Liberia,LBR,2018,1.45
Liberia,LBR,2019,1.46
Libya,LBY,2000,1.6
Libya,LBY,2001,1.69
Libya,LBY,2002,1.78
Libya,LBY,2003,1.78
Libya,LBY,2004,1.67
Libya,LBY,2005,1.67
Libya,LBY,2006,1.72
Libya,LBY,2007,1.93
Libya,LBY,2008,2.03
Libya,LBY,2009,2.12
Libya,LBY,2010,2.07
Libya,LBY,2011,2.11
Libya,LBY,2012,2.14
Libya,LBY,2013,2.15
Libya,LBY,2014,2.19
Libya,LBY,2015,2.19
Libya,LBY,2016,2.24
Libya,LBY,2017,2.3
Libya,LBY,2018,2.35
Libya,LBY,2019,2.35
Lithuania,LTU,2000,0.56
Lithuania,LTU,2001,0.64
Lithuania,LTU,2002,1.26
Lithuania,LTU,2003,1.25
Lithuania,LTU,2004,1.52
Lithuania,LTU,2005,2.01
Lithuania,LTU,2006,2.48
Lithuania,LTU,2007,2.96
Lithuania,LTU,2008,3.14
Lithuania,LTU,2009,3.7
Lithuania,LTU,2010,3.19
Lithuania,LTU,2011,3.49
Lithuania,LTU,2012,3.54
Lithuania,LTU,2013,3.39
Lithuania,LTU,2014,4.04
Lithuania,LTU,2015,3.95
Lithuania,LTU,2016,4.6
Lithuania,LTU,2017,6.38
Lithuania,LTU,2018,7.09
Lithuania,LTU,2019,8.06
Luxembourg,LUX,2000,7.48
Luxembourg,LUX,2001,8.28
Luxembourg,LUX,2002,8.36
Luxembourg,LUX,2003,7.65
Luxembourg,LUX,2004,9
Luxembourg,LUX,2005,10.05
Luxembourg,LUX,2006,10.31
Luxembourg,LUX,2007,8.56
Luxembourg,LUX,2008,6.74
Luxembourg,LUX,2009,6.41
Luxembourg,LUX,2010,6.66
Luxembourg,LUX,2011,8
Luxembourg,LUX,2012,8.61
Luxembourg,LUX,2013,8.1
Luxembourg,LUX,2014,8.72
Luxembourg,LUX,2015,9.23
Luxembourg,LUX,2016,10.17
Luxembourg,LUX,2017,10
Luxembourg,LUX,2018,10
Luxembourg,LUX,2019,10.05
Madagascar,MDG,2000,0.97
Madagascar,MDG,2001,0.98
Madagascar,MDG,2002,1
Madagascar,MDG,2003,1.01
Madagascar,MDG,2004,1.01
Madagascar,MDG,2005,0.99
Madagascar,MDG,2006,0.99
Madagascar,MDG,2007,0.99
Madagascar,MDG,2008,0.98
Madagascar,MDG,2009,0.97
Madagascar,MDG,2010,0.96
Madagascar,MDG,2011,0.98
Madagascar,MDG,2012,0.97
Madagascar,MDG,2013,0.97
Madagascar,MDG,2014,0.97
Madagascar,MDG,2015,0.95
Madagascar,MDG,2016,0.96
Madagascar,MDG,2017,0.97
Madagascar,MDG,2018,0.98
Madagascar,MDG,2019,0.98
Malawi,MWI,2000,1.58
Malawi,MWI,2001,1.54
Malawi,MWI,2002,1.49
Malawi,MWI,2003,1.44
Malawi,MWI,2004,1.38
Malawi,MWI,2005,1.3
Malawi,MWI,2006,1.31
Malawi,MWI,2007,1.31
Malawi,MWI,2008,1.27
Malawi,MWI,2009,1.23
Malawi,MWI,2010,1.19
Malawi,MWI,2011,1.17
Malawi,MWI,2012,1.15
Malawi,MWI,2013,1.13
Malawi,MWI,2014,1.11
Malawi,MWI,2015,1.09
Malawi,MWI,2016,1.1
Malawi,MWI,2017,1.09
Malawi,MWI,2018,1.08
Malawi,MWI,2019,1.07
Malaysia,MYS,2000,1.76
Malaysia,MYS,2001,1.83
Malaysia,MYS,2002,1.91
Malaysia,MYS,2003,1.96
Malaysia,MYS,2004,1.95
Malaysia,MYS,2005,1.97
Malaysia,MYS,2006,2.05
Malaysia,MYS,2007,2.11
Malaysia,MYS,2008,2.22
Malaysia,MYS,2009,2.3
Malaysia,MYS,2010,2.32
Malaysia,MYS,2011,2.42
Malaysia,MYS,2012,2.49
Malaysia,MYS,2013,2.44
Malaysia,MYS,2014,2.58
Malaysia,MYS,2015,2.68
Malaysia,MYS,2016,2.9
Malaysia,MYS,2017,3.07
Malaysia,MYS,2018,3.21
Malaysia,MYS,2019,3.47
Maldives,MDV,2000,1.69
Maldives,MDV,2001,1.7
Maldives,MDV,2002,1.76
Maldives,MDV,2003,1.89
Maldives,MDV,2004,1.99
Maldives,MDV,2005,1.98
Maldives,MDV,2006,2.07
Maldives,MDV,2007,2.15
Maldives,MDV,2008,2.18
Maldives,MDV,2009,2.2
Maldives,MDV,2010,2.22
Maldives,MDV,2011,2.16
Maldives,MDV,2012,2.18
Maldives,MDV,2013,2.2
Maldives,MDV,2014,2.24
Maldives,MDV,2015,2.28
Maldives,MDV,2016,2.32
Maldives,MDV,2017,2.31
Maldives,MDV,2018,2.24
Maldives,MDV,2019,2.18
Mali,MLI,2000,1.46
Mali,MLI,2001,1.48
Mali,MLI,2002,1.51
Mali,MLI,2003,1.5
Mali,MLI,2004,1.47
Mali,MLI,2005,1.43
Mali,MLI,2006,1.45
Mali,MLI,2007,1.45
Mali,MLI,2008,1.44
Mali,MLI,2009,1.4
Mali,MLI,2010,1.35
Mali,MLI,2011,1.36
Mali,MLI,2012,1.36
Mali,MLI,2013,1.35
Mali,MLI,2014,1.3
Mali,MLI,2015,1.25
Mali,MLI,2016,1.25
Mali,MLI,2017,1.23
Mali,MLI,2018,1.22
Mali,MLI,2019,1.2
Malta,MLT,2000,4.42
Malta,MLT,2001,4.74
Malta,MLT,2002,5.93
Malta,MLT,2003,6.99
Malta,MLT,2004,9.46
Malta,MLT,2005,11.07
Malta,MLT,2006,11.25
Malta,MLT,2007,11.3
Malta,MLT,2008,10.09
Malta,MLT,2009,10.4
Malta,MLT,2010,9.75
Malta,MLT,2011,9.09
Malta,MLT,2012,9.81
Malta,MLT,2013,9.57
Malta,MLT,2014,10.65
Malta,MLT,2015,10.31
Malta,MLT,2016,9.93
Malta,MLT,2017,9.59
Malta,MLT,2018,10.82
Malta,MLT,2019,11.26
Mauritania,MRT,2000,1.37
Mauritania,MRT,2001,1.38
Mauritania,MRT,2002,1.37
Mauritania,MRT,2003,1.38
Mauritania,MRT,2004,1.39
Mauritania,MRT,2005,1.3
Mauritania,MRT,2006,1.36
Mauritania,MRT,2007,1.41
Mauritania,MRT,2008,1.41
Mauritania,MRT,2009,1.4
Mauritania,MRT,2010,1.39
Mauritania,MRT,2011,1.39
Mauritania,MRT,2012,1.45
Mauritania,MRT,2013,1.44
Mauritania,MRT,2014,1.44
Mauritania,MRT,2015,1.42
Mauritania,MRT,2016,1.45
Mauritania,MRT,2017,1.47
Mauritania,MRT,2018,1.5
Mauritania,MRT,2019,1.52
Mauritius,MUS,2000,0.27
Mauritius,MUS,2001,0.48
Mauritius,MUS,2002,0.53
Mauritius,MUS,2003,1.06
Mauritius,MUS,2004,1.18
Mauritius,MUS,2005,0.7
Mauritius,MUS,2006,0.96
Mauritius,MUS,2007,0.94
Mauritius,MUS,2008,0.77
Mauritius,MUS,2009,0.69
Mauritius,MUS,2010,0.69
Mauritius,MUS,2011,0.93
Mauritius,MUS,2012,0.85
Mauritius,MUS,2013,1.02
Mauritius,MUS,2014,1.95
Mauritius,MUS,2015,0.66
Mauritius,MUS,2016,1.87
Mauritius,MUS,2017,0.36
Mauritius,MUS,2018,1.03
Mauritius,MUS,2019,0.93
Mexico,MEX,2000,0.7
Mexico,MEX,2001,0.66
Mexico,MEX,2002,0.77
Mexico,MEX,2003,0.83
Mexico,MEX,2004,0.82
Mexico,MEX,2005,1.03
Mexico,MEX,2006,1.01
Mexico,MEX,2007,0.94
Mexico,MEX,2008,1.01
Mexico,MEX,2009,0.93
Mexico,MEX,2010,1.03
Mexico,MEX,2011,1.04
Mexico,MEX,2012,0.98
Mexico,MEX,2013,1.04
Mexico,MEX,2014,1.1
Mexico,MEX,2015,1.21
Mexico,MEX,2016,1.2
Mexico,MEX,2017,1.2
Mexico,MEX,2018,1.22
Mexico,MEX,2019,1.22
Micronesia (country),FSM,2000,4.25
Micronesia (country),FSM,2001,4.37
Micronesia (country),FSM,2002,4.47
Micronesia (country),FSM,2003,4.58
Micronesia (country),FSM,2004,4.71
Micronesia (country),FSM,2005,4.81
Micronesia (country),FSM,2006,4.83
Micronesia (country),FSM,2007,4.82
Micronesia (country),FSM,2008,4.7
Micronesia (country),FSM,2009,4.48
Micronesia (country),FSM,2010,4.16
Micronesia (country),FSM,2011,4.14
Micronesia (country),FSM,2012,4.11
Micronesia (country),FSM,2013,4.01
Micronesia (country),FSM,2014,3.89
Micronesia (country),FSM,2015,3.77
Micronesia (country),FSM,2016,3.87
Micronesia (country),FSM,2017,3.97
Micronesia (country),FSM,2018,4.05
Micronesia (country),FSM,2019,4.1
Moldova,MDA,2000,0.07
Moldova,MDA,2001,0.19
Moldova,MDA,2002,0.11
Moldova,MDA,2003,0.28
Moldova,MDA,2004,0.05
Moldova,MDA,2005,0.14
Moldova,MDA,2006,0.17
Moldova,MDA,2007,0.11
Moldova,MDA,2008,0.14
Moldova,MDA,2009,0.2
Moldova,MDA,2010,0.34
Moldova,MDA,2011,0.2
Moldova,MDA,2012,0.23
Moldova,MDA,2013,0.23
Moldova,MDA,2014,0.21
Moldova,MDA,2015,0.03
Moldova,MDA,2016,0.11
Moldova,MDA,2017,0.17
Moldova,MDA,2018,0.19
Moldova,MDA,2019,0.15
Mongolia,MNG,2000,2.02
Mongolia,MNG,2001,2.06
Mongolia,MNG,2002,2
Mongolia,MNG,2003,1.93
Mongolia,MNG,2004,1.82
Mongolia,MNG,2005,1.74
Mongolia,MNG,2006,1.74
Mongolia,MNG,2007,1.68
Mongolia,MNG,2008,1.64
Mongolia,MNG,2009,1.62
Mongolia,MNG,2010,1.56
Mongolia,MNG,2011,1.57
Mongolia,MNG,2012,1.55
Mongolia,MNG,2013,1.52
Mongolia,MNG,2014,1.45
Mongolia,MNG,2015,1.42
Mongolia,MNG,2016,1.53
Mongolia,MNG,2017,1.58
Mongolia,MNG,2018,1.62
Mongolia,MNG,2019,1.71
Montenegro,MNE,2000,5.55
Montenegro,MNE,2001,5.76
Montenegro,MNE,2002,6
Montenegro,MNE,2003,6.31
Montenegro,MNE,2004,6.62
Montenegro,MNE,2005,6.97
Montenegro,MNE,2006,7.35
Montenegro,MNE,2007,7.76
Montenegro,MNE,2008,8.08
Montenegro,MNE,2009,8.3
Montenegro,MNE,2010,8.46
Montenegro,MNE,2011,8.93
Montenegro,MNE,2012,9.34
Montenegro,MNE,2013,9.68
Montenegro,MNE,2014,9.99
Montenegro,MNE,2015,10.27
Montenegro,MNE,2016,10.62
Montenegro,MNE,2017,10.85
Montenegro,MNE,2018,10.73
Montenegro,MNE,2019,10.53
Morocco,MAR,2000,1.9
Morocco,MAR,2001,1.97
Morocco,MAR,2002,2.06
Morocco,MAR,2003,2.22
Morocco,MAR,2004,2.33
Morocco,MAR,2005,2.44
Morocco,MAR,2006,2.59
Morocco,MAR,2007,2.72
Morocco,MAR,2008,2.83
Morocco,MAR,2009,2.91
Morocco,MAR,2010,2.99
Morocco,MAR,2011,3.1
Morocco,MAR,2012,3.21
Morocco,MAR,2013,3.57
Morocco,MAR,2014,3.62
Morocco,MAR,2015,3.67
Morocco,MAR,2016,3.8
Morocco,MAR,2017,3.92
Morocco,MAR,2018,4.05
Morocco,MAR,2019,4.14
Mozambique,MOZ,2000,1.56
Mozambique,MOZ,2001,1.56
Mozambique,MOZ,2002,1.56
Mozambique,MOZ,2003,1.55
Mozambique,MOZ,2004,1.53
Mozambique,MOZ,2005,1.5
Mozambique,MOZ,2006,1.52
Mozambique,MOZ,2007,1.53
Mozambique,MOZ,2008,1.53
Mozambique,MOZ,2009,1.54
Mozambique,MOZ,2010,1.52
Mozambique,MOZ,2011,1.56
Mozambique,MOZ,2012,1.58
Mozambique,MOZ,2013,1.57
Mozambique,MOZ,2014,1.53
Mozambique,MOZ,2015,1.48
Mozambique,MOZ,2016,1.49
Mozambique,MOZ,2017,1.5
Mozambique,MOZ,2018,1.5
Mozambique,MOZ,2019,1.49
Myanmar,MMR,2000,1.76
Myanmar,MMR,2001,1.84
Myanmar,MMR,2002,1.92
Myanmar,MMR,2003,1.99
Myanmar,MMR,2004,2.06
Myanmar,MMR,2005,2.08
Myanmar,MMR,2006,2.17
Myanmar,MMR,2007,2.21
Myanmar,MMR,2008,2.22
Myanmar,MMR,2009,2.22
Myanmar,MMR,2010,2.21
Myanmar,MMR,2011,2.28
Myanmar,MMR,2012,2.33
Myanmar,MMR,2013,2.35
Myanmar,MMR,2014,2.38
Myanmar,MMR,2015,2.4
Myanmar,MMR,2016,2.5
Myanmar,MMR,2017,2.55
Myanmar,MMR,2018,2.64
Myanmar,MMR,2019,2.69
Namibia,NAM,2000,1.36
Namibia,NAM,2001,1.45
Namibia,NAM,2002,1.56
Namibia,NAM,2003,1.65
Namibia,NAM,2004,1.72
Namibia,NAM,2005,1.82
Namibia,NAM,2006,1.89
Namibia,NAM,2007,1.94
Namibia,NAM,2008,1.94
Namibia,NAM,2009,1.98
Namibia,NAM,2010,2.03
Namibia,NAM,2011,2
Namibia,NAM,2012,1.97
Namibia,NAM,2013,1.94
Namibia,NAM,2014,1.91
Namibia,NAM,2015,1.87
Namibia,NAM,2016,1.86
Namibia,NAM,2017,1.85
Namibia,NAM,2018,1.79
Namibia,NAM,2019,1.74
Nepal,NPL,2000,0.86
Nepal,NPL,2001,0.91
Nepal,NPL,2002,1
Nepal,NPL,2003,1.08
Nepal,NPL,2004,1.14
Nepal,NPL,2005,1.23
Nepal,NPL,2006,1.34
Nepal,NPL,2007,1.45
Nepal,NPL,2008,1.56
Nepal,NPL,2009,1.67
Nepal,NPL,2010,1.75
Nepal,NPL,2011,1.92
Nepal,NPL,2012,2.05
Nepal,NPL,2013,2.16
Nepal,NPL,2014,2.26
Nepal,NPL,2015,2.34
Nepal,NPL,2016,2.42
Nepal,NPL,2017,2.52
Nepal,NPL,2018,2.6
Nepal,NPL,2019,2.66
Netherlands,NLD,2000,4.97
Netherlands,NLD,2001,5.53
Netherlands,NLD,2002,6.62
Netherlands,NLD,2003,7.18
Netherlands,NLD,2004,6.48
Netherlands,NLD,2005,6.43
Netherlands,NLD,2006,6.81
Netherlands,NLD,2007,6.4
Netherlands,NLD,2008,7.07
Netherlands,NLD,2009,7.3
Netherlands,NLD,2010,7.32
Netherlands,NLD,2011,7.9
Netherlands,NLD,2012,8.55
Netherlands,NLD,2013,8.84
Netherlands,NLD,2014,8.74
Netherlands,NLD,2015,9.62
Netherlands,NLD,2016,11.09
Netherlands,NLD,2017,11.75
Netherlands,NLD,2018,10.94
Netherlands,NLD,2019,12.4
New Zealand,NZL,2000,4.2
New Zealand,NZL,2001,4.81
New Zealand,NZL,2002,4.75
New Zealand,NZL,2003,4.37
New Zealand,NZL,2004,4.63
New Zealand,NZL,2005,4.62
New Zealand,NZL,2006,5.44
New Zealand,NZL,2007,4.76
New Zealand,NZL,2008,4.69
New Zealand,NZL,2009,5.32
New Zealand,NZL,2010,5.64
New Zealand,NZL,2011,5.22
New Zealand,NZL,2012,6.11
New Zealand,NZL,2013,5.65
New Zealand,NZL,2014,5.74
New Zealand,NZL,2015,5.58
New Zealand,NZL,2016,6.87
New Zealand,NZL,2017,6.88
New Zealand,NZL,2018,7.03
New Zealand,NZL,2019,7.38
Nicaragua,NIC,2000,0.16
Nicaragua,NIC,2001,0.37
Nicaragua,NIC,2002,0.37
Nicaragua,NIC,2003,0.7
Nicaragua,NIC,2004,0.59
Nicaragua,NIC,2005,0.68
Nicaragua,NIC,2006,0.76
Nicaragua,NIC,2007,0.67
Nicaragua,NIC,2008,1.04
Nicaragua,NIC,2009,1.03
Nicaragua,NIC,2010,1.15
Nicaragua,NIC,2011,1
Nicaragua,NIC,2012,1.09
Nicaragua,NIC,2013,1.21
Nicaragua,NIC,2014,1.05
Nicaragua,NIC,2015,0.78
Nicaragua,NIC,2016,1.13
Nicaragua,NIC,2017,0.81
Nicaragua,NIC,2018,0.97
Nicaragua,NIC,2019,1.02
Niger,NER,2000,0.93
Niger,NER,2001,0.97
Niger,NER,2002,1
Niger,NER,2003,1.03
Niger,NER,2004,1.02
Niger,NER,2005,1.03
Niger,NER,2006,1.05
Niger,NER,2007,1.07
Niger,NER,2008,1.07
Niger,NER,2009,1.08
Niger,NER,2010,1.07
Niger,NER,2011,1.11
Niger,NER,2012,1.14
Niger,NER,2013,1.16
Niger,NER,2014,1.17
Niger,NER,2015,1.15
Niger,NER,2016,1.18
Niger,NER,2017,1.19
Niger,NER,2018,1.19
Niger,NER,2019,1.18
Nigeria,NGA,2000,1
Nigeria,NGA,2001,1.05
Nigeria,NGA,2002,1.09
Nigeria,NGA,2003,1.12
Nigeria,NGA,2004,1.14
Nigeria,NGA,2005,1.12
Nigeria,NGA,2006,1.18
Nigeria,NGA,2007,1.22
Nigeria,NGA,2008,1.24
Nigeria,NGA,2009,1.22
Nigeria,NGA,2010,1.18
Nigeria,NGA,2011,1.23
Nigeria,NGA,2012,1.26
Nigeria,NGA,2013,1.26
Nigeria,NGA,2014,1.24
Nigeria,NGA,2015,1.19
Nigeria,NGA,2016,1.22
Nigeria,NGA,2017,1.23
Nigeria,NGA,2018,1.24
Nigeria,NGA,2019,1.23
North America,,2000,3.9874067
North America,,2001,4.15911
North America,,2002,4.24197
North America,,2003,4.4406605
North America,,2004,4.4169707
North America,,2005,4.782532
North America,,2006,4.69713
North America,,2007,4.783766
North America,,2008,4.8694663
North America,,2009,4.8357377
North America,,2010,5.138463
North America,,2011,5.28661
North America,,2012,5.422949
North America,,2013,5.6581836
North America,,2014,5.8267255
North America,,2015,6.1607933
North America,,2016,6.4726796
North America,,2017,6.875173
North America,,2018,6.9938464
North America,,2019,7.231516
North Korea,PRK,2000,2.4
North Korea,PRK,2001,2.44
North Korea,PRK,2002,2.6
North Korea,PRK,2003,2.61
North Korea,PRK,2004,2.65
North Korea,PRK,2005,2.71
North Korea,PRK,2006,2.86
North Korea,PRK,2007,3.15
North Korea,PRK,2008,3.39
North Korea,PRK,2009,3.52
North Korea,PRK,2010,3.65
North Korea,PRK,2011,3.84
North Korea,PRK,2012,3.97
North Korea,PRK,2013,4.1
North Korea,PRK,2014,4.19
North Korea,PRK,2015,4.28
North Korea,PRK,2016,4.39
North Korea,PRK,2017,4.42
North Korea,PRK,2018,4.42
North Korea,PRK,2019,4.49
North Macedonia,MKD,2000,2.68
North Macedonia,MKD,2001,2.54
North Macedonia,MKD,2002,3.03
North Macedonia,MKD,2003,3.1
North Macedonia,MKD,2004,3.27
North Macedonia,MKD,2005,2.87
North Macedonia,MKD,2006,3.2
North Macedonia,MKD,2007,2.2
North Macedonia,MKD,2008,3.36
North Macedonia,MKD,2009,2.69
North Macedonia,MKD,2010,3.44
North Macedonia,MKD,2011,5.58
North Macedonia,MKD,2012,5.57
North Macedonia,MKD,2013,6.57
North Macedonia,MKD,2014,6.15
North Macedonia,MKD,2015,6.18
North Macedonia,MKD,2016,6.38
North Macedonia,MKD,2017,6.53
North Macedonia,MKD,2018,6.66
North Macedonia,MKD,2019,6.75
Norway,NOR,2000,6.84
Norway,NOR,2001,7.02
Norway,NOR,2002,6.14
Norway,NOR,2003,6.2
Norway,NOR,2004,7.12
Norway,NOR,2005,5.6
Norway,NOR,2006,5.46
Norway,NOR,2007,5.81
Norway,NOR,2008,5.67
Norway,NOR,2009,6.65
Norway,NOR,2010,6.59
Norway,NOR,2011,5.38
Norway,NOR,2012,6.02
Norway,NOR,2013,7.33
Norway,NOR,2014,8.35
Norway,NOR,2015,8.37
Norway,NOR,2016,8.54
Norway,NOR,2017,9.38
Norway,NOR,2018,9.86
Norway,NOR,2019,10.3
Oceania,,2000,3.74972
Oceania,,2001,3.9030037
Oceania,,2002,4.1556497
Oceania,,2003,3.6767046
Oceania,,2004,3.9609728
Oceania,,2005,4.205849
Oceania,,2006,4.335444
Oceania,,2007,4.4482255
Oceania,,2008,4.888053
Oceania,,2009,4.6501927
Oceania,,2010,4.7075677
Oceania,,2011,4.9633346
Oceania,,2012,5.19905
Oceania,,2013,5.445654
Oceania,,2014,5.6862564
Oceania,,2015,5.753152
Oceania,,2016,5.982444
Oceania,,2017,6.0674896
Oceania,,2018,6.1396427
Oceania,,2019,6.308595
Oman,OMN,2000,1.7
Oman,OMN,2001,1.71
Oman,OMN,2002,1.76
Oman,OMN,2003,1.79
Oman,OMN,2004,1.75
Oman,OMN,2005,1.8
Oman,OMN,2006,1.89
Oman,OMN,2007,1.95
Oman,OMN,2008,2.01
Oman,OMN,2009,2.1
Oman,OMN,2010,2.15
Oman,OMN,2011,2.09
Oman,OMN,2012,2.05
Oman,OMN,2013,2.2
Oman,OMN,2014,2.26
Oman,OMN,2015,2.37
Oman,OMN,2016,2.56
Oman,OMN,2017,2.56
Oman,OMN,2018,2.28
Oman,OMN,2019,2.2
Pakistan,PAK,2000,2.43
Pakistan,PAK,2001,2.49
Pakistan,PAK,2002,2.52
Pakistan,PAK,2003,2.56
Pakistan,PAK,2004,2.57
Pakistan,PAK,2005,2.59
Pakistan,PAK,2006,2.63
Pakistan,PAK,2007,2.65
Pakistan,PAK,2008,2.65
Pakistan,PAK,2009,2.65
Pakistan,PAK,2010,2.65
Pakistan,PAK,2011,2.68
Pakistan,PAK,2012,2.71
Pakistan,PAK,2013,2.74
Pakistan,PAK,2014,2.74
Pakistan,PAK,2015,2.75
Pakistan,PAK,2016,2.78
Pakistan,PAK,2017,2.81
Pakistan,PAK,2018,2.84
Pakistan,PAK,2019,2.83
Panama,PAN,2000,1.28
Panama,PAN,2001,1.65
Panama,PAN,2002,2.29
Panama,PAN,2003,2.38
Panama,PAN,2004,2.15
Panama,PAN,2005,1.99
Panama,PAN,2006,1.72
Panama,PAN,2007,2.1
Panama,PAN,2008,1.62
Panama,PAN,2009,1.85
Panama,PAN,2010,2.18
Panama,PAN,2011,1.36
Panama,PAN,2012,2.55
Panama,PAN,2013,1.84
Panama,PAN,2014,2.63
Panama,PAN,2015,2.65
Panama,PAN,2016,2.58
Panama,PAN,2017,2.41
Panama,PAN,2018,2.64
Panama,PAN,2019,2.7
Papua New Guinea,PNG,2000,1.8
Papua New Guinea,PNG,2001,1.86
Papua New Guinea,PNG,2002,1.87
Papua New Guinea,PNG,2003,1.91
Papua New Guinea,PNG,2004,1.93
Papua New Guinea,PNG,2005,1.92
Papua New Guinea,PNG,2006,1.97
Papua New Guinea,PNG,2007,2.02
Papua New Guinea,PNG,2008,2.03
Papua New Guinea,PNG,2009,2.03
Papua New Guinea,PNG,2010,2.06
Papua New Guinea,PNG,2011,2.08
Papua New Guinea,PNG,2012,2.11
Papua New Guinea,PNG,2013,2.09
Papua New Guinea,PNG,2014,2.06
Papua New Guinea,PNG,2015,2.01
Papua New Guinea,PNG,2016,2.05
Papua New Guinea,PNG,2017,2.07
Papua New Guinea,PNG,2018,2.09
Papua New Guinea,PNG,2019,2.1
Paraguay,PRY,2000,0.26
Paraguay,PRY,2001,0.18
Paraguay,PRY,2002,0.17
Paraguay,PRY,2003,0.17
Paraguay,PRY,2004,0.3
Paraguay,PRY,2005,0.34
Paraguay,PRY,2006,0.43
Paraguay,PRY,2007,0.64
Paraguay,PRY,2008,1.06
Paraguay,PRY,2009,1.11
Paraguay,PRY,2010,0.84
Paraguay,PRY,2011,1.07
Paraguay,PRY,2012,1.49
Paraguay,PRY,2013,1.29
Paraguay,PRY,2014,1.43
Paraguay,PRY,2015,1.64
Paraguay,PRY,2016,1.66
Paraguay,PRY,2017,1.52
Paraguay,PRY,2018,1.7
Paraguay,PRY,2019,1.73
Peru,PER,2000,2.03
Peru,PER,2001,2.09
Peru,PER,2002,2.19
Peru,PER,2003,2.31
Peru,PER,2004,2.32
Peru,PER,2005,2.33
Peru,PER,2006,2.39
Peru,PER,2007,2.45
Peru,PER,2008,2.55
Peru,PER,2009,2.94
Peru,PER,2010,3.15
Peru,PER,2011,3.27
Peru,PER,2012,3.4
Peru,PER,2013,3.49
Peru,PER,2014,3.49
Peru,PER,2015,3.51
Peru,PER,2016,3.61
Peru,PER,2017,3.74
Peru,PER,2018,3.81
Peru,PER,2019,3.91
Philippines,PHL,2000,0.28
Philippines,PHL,2001,0.32
Philippines,PHL,2002,0.33
Philippines,PHL,2003,0.35
Philippines,PHL,2004,0.33
Philippines,PHL,2005,0.31
Philippines,PHL,2006,0.34
Philippines,PHL,2007,0.37
Philippines,PHL,2008,0.32
Philippines,PHL,2009,0.33
Philippines,PHL,2010,0.36
Philippines,PHL,2011,0.3
Philippines,PHL,2012,0.38
Philippines,PHL,2013,0.4
Philippines,PHL,2014,0.39
Philippines,PHL,2015,0.43
Philippines,PHL,2016,0.46
Philippines,PHL,2017,0.49
Philippines,PHL,2018,0.52
Philippines,PHL,2019,0.55
Poland,POL,2000,1.07
Poland,POL,2001,1.05
Poland,POL,2002,1.11
Poland,POL,2003,1.15
Poland,POL,2004,1.33
Poland,POL,2005,2.12
Poland,POL,2006,1.99
Poland,POL,2007,2.19
Poland,POL,2008,2.12
Poland,POL,2009,2.24
Poland,POL,2010,2.16
Poland,POL,2011,2.38
Poland,POL,2012,2.62
Poland,POL,2013,2.7
Poland,POL,2014,2.4
Poland,POL,2015,2.85
Poland,POL,2016,3.05
Poland,POL,2017,3.72
Poland,POL,2018,3.65
Poland,POL,2019,3.96
Portugal,PRT,2000,3.13
Portugal,PRT,2001,3.77
Portugal,PRT,2002,4.29
Portugal,PRT,2003,4.91
Portugal,PRT,2004,3.96
Portugal,PRT,2005,4.51
Portugal,PRT,2006,4.63
Portugal,PRT,2007,4.84
Portugal,PRT,2008,5.05
Portugal,PRT,2009,5.48
Portugal,PRT,2010,5.97
Portugal,PRT,2011,5.52
Portugal,PRT,2012,6.72
Portugal,PRT,2013,7.81
Portugal,PRT,2014,7.82
Portugal,PRT,2015,8.35
Portugal,PRT,2016,8.86
Portugal,PRT,2017,9.85
Portugal,PRT,2018,10.74
Portugal,PRT,2019,11.17
Qatar,QAT,2000,1.62
Qatar,QAT,2001,1.53
Qatar,QAT,2002,1.5
Qatar,QAT,2003,1.41
Qatar,QAT,2004,1.3
Qatar,QAT,2005,1.24
Qatar,QAT,2006,1.17
Qatar,QAT,2007,1.1
Qatar,QAT,2008,0.99
Qatar,QAT,2009,0.92
Qatar,QAT,2010,0.85
Qatar,QAT,2011,0.81
Qatar,QAT,2012,0.79
Qatar,QAT,2013,0.8
Qatar,QAT,2014,0.82
Qatar,QAT,2015,0.84
Qatar,QAT,2016,0.87
Qatar,QAT,2017,0.9
Qatar,QAT,2018,0.94
Qatar,QAT,2019,0.99
Romania,ROU,2000,1.1
Romania,ROU,2001,0.91
Romania,ROU,2002,1.01
Romania,ROU,2003,1.37
Romania,ROU,2004,1.4
Romania,ROU,2005,1.66
Romania,ROU,2006,1.75
Romania,ROU,2007,1.67
Romania,ROU,2008,1.67
Romania,ROU,2009,1.7
Romania,ROU,2010,1.81
Romania,ROU,2011,2.15
Romania,ROU,2012,2.61
Romania,ROU,2013,2.64
Romania,ROU,2014,2.76
Romania,ROU,2015,3.11
Romania,ROU,2016,3.22
Romania,ROU,2017,3.43
Romania,ROU,2018,3.67
Romania,ROU,2019,3.82
Russia,RUS,2000,5.06
Russia,RUS,2001,5.13
Russia,RUS,2002,5.38
Russia,RUS,2003,5.69
Russia,RUS,2004,5.59
Russia,RUS,2005,5.65
Russia,RUS,2006,5.77
Russia,RUS,2007,5.83
Russia,RUS,2008,6.03
Russia,RUS,2009,6.08
Russia,RUS,2010,6.25
Russia,RUS,2011,6.09
Russia,RUS,2012,6.3
Russia,RUS,2013,6.36
Russia,RUS,2014,6.65
Russia,RUS,2015,6.58
Russia,RUS,2016,6.72
Russia,RUS,2017,6.6
Russia,RUS,2018,6.55
Russia,RUS,2019,6.42
Rwanda,RWA,2000,1.89
Rwanda,RWA,2001,1.82
Rwanda,RWA,2002,1.76
Rwanda,RWA,2003,1.66
Rwanda,RWA,2004,1.53
Rwanda,RWA,2005,1.38
Rwanda,RWA,2006,1.33
Rwanda,RWA,2007,1.29
Rwanda,RWA,2008,1.24
Rwanda,RWA,2009,1.17
Rwanda,RWA,2010,1.11
Rwanda,RWA,2011,1.1
Rwanda,RWA,2012,1.1
Rwanda,RWA,2013,1.08
Rwanda,RWA,2014,1.07
Rwanda,RWA,2015,1.06
Rwanda,RWA,2016,1.09
Rwanda,RWA,2017,1.11
Rwanda,RWA,2018,1.13
Rwanda,RWA,2019,1.16
Saint Lucia,LCA,2000,5.54
Saint Lucia,LCA,2001,5.85
Saint Lucia,LCA,2002,5.97
Saint Lucia,LCA,2003,5.97
Saint Lucia,LCA,2004,5.88
Saint Lucia,LCA,2005,5.67
Saint Lucia,LCA,2006,5.7
Saint Lucia,LCA,2007,5.57
Saint Lucia,LCA,2008,5.63
Saint Lucia,LCA,2009,5.56
Saint Lucia,LCA,2010,5.51
Saint Lucia,LCA,2011,5.5
Saint Lucia,LCA,2012,5.66
Saint Lucia,LCA,2013,5.93
Saint Lucia,LCA,2014,6.2
Saint Lucia,LCA,2015,6.3
Saint Lucia,LCA,2016,6.98
Saint Lucia,LCA,2017,7.24
Saint Lucia,LCA,2018,7.44
Saint Lucia,LCA,2019,7.59
Saint Vincent and the Grenadines,VCT,2000,1.18
Saint Vincent and the Grenadines,VCT,2001,1.75
Saint Vincent and the Grenadines,VCT,2002,2
Saint Vincent and the Grenadines,VCT,2003,1.94
Saint Vincent and the Grenadines,VCT,2004,2.06
Saint Vincent and the Grenadines,VCT,2005,1.84
Saint Vincent and the Grenadines,VCT,2006,1.9
Saint Vincent and the Grenadines,VCT,2007,0.61
Saint Vincent and the Grenadines,VCT,2008,0.34
Saint Vincent and the Grenadines,VCT,2009,0
Saint Vincent and the Grenadines,VCT,2010,0
Saint Vincent and the Grenadines,VCT,2011,0
Saint Vincent and the Grenadines,VCT,2012,0
Saint Vincent and the Grenadines,VCT,2013,0
Saint Vincent and the Grenadines,VCT,2014,0.85
Saint Vincent and the Grenadines,VCT,2015,1.54
Saint Vincent and the Grenadines,VCT,2016,2.01
Saint Vincent and the Grenadines,VCT,2017,1.58
Saint Vincent and the Grenadines,VCT,2018,1.71
Saint Vincent and the Grenadines,VCT,2019,1.7
Samoa,WSM,2000,3.37
Samoa,WSM,2001,3.43
Samoa,WSM,2002,3.46
Samoa,WSM,2003,3.52
Samoa,WSM,2004,3.54
Samoa,WSM,2005,3.57
Samoa,WSM,2006,3.69
Samoa,WSM,2007,3.78
Samoa,WSM,2008,3.86
Samoa,WSM,2009,3.89
Samoa,WSM,2010,3.93
Samoa,WSM,2011,3.98
Samoa,WSM,2012,3.97
Samoa,WSM,2013,3.88
Samoa,WSM,2014,3.76
Samoa,WSM,2015,3.6
Samoa,WSM,2016,3.66
Samoa,WSM,2017,3.68
Samoa,WSM,2018,3.7
Samoa,WSM,2019,3.71
Sao Tome and Principe,STP,2000,1.5
Sao Tome and Principe,STP,2001,1.55
Sao Tome and Principe,STP,2002,1.57
Sao Tome and Principe,STP,2003,1.48
Sao Tome and Principe,STP,2004,1.5
Sao Tome and Principe,STP,2005,1.54
Sao Tome and Principe,STP,2006,1.58
Sao Tome and Principe,STP,2007,1.66
Sao Tome and Principe,STP,2008,1.7
Sao Tome and Principe,STP,2009,1.73
Sao Tome and Principe,STP,2010,1.74
Sao Tome and Principe,STP,2011,1.79
Sao Tome and Principe,STP,2012,1.86
Sao Tome and Principe,STP,2013,1.86
Sao Tome and Principe,STP,2014,1.87
Sao Tome and Principe,STP,2015,1.84
Sao Tome and Principe,STP,2016,1.86
Sao Tome and Principe,STP,2017,1.89
Sao Tome and Principe,STP,2018,1.88
Sao Tome and Principe,STP,2019,1.86
Saudi Arabia,SAU,2000,2.13
Saudi Arabia,SAU,2001,2.18
Saudi Arabia,SAU,2002,2.2
Saudi Arabia,SAU,2003,2.2
Saudi Arabia,SAU,2004,2.19
Saudi Arabia,SAU,2005,2.16
Saudi Arabia,SAU,2006,2.22
Saudi Arabia,SAU,2007,2.27
Saudi Arabia,SAU,2008,2.31
Saudi Arabia,SAU,2009,2.31
Saudi Arabia,SAU,2010,2.29
Saudi Arabia,SAU,2011,2.3
Saudi Arabia,SAU,2012,2.3
Saudi Arabia,SAU,2013,2.29
Saudi Arabia,SAU,2014,2.29
Saudi Arabia,SAU,2015,2.24
Saudi Arabia,SAU,2016,2.28
Saudi Arabia,SAU,2017,2.28
Saudi Arabia,SAU,2018,2.28
Saudi Arabia,SAU,2019,2.26
Senegal,SEN,2000,1.46
Senegal,SEN,2001,1.52
Senegal,SEN,2002,1.57
Senegal,SEN,2003,1.6
Senegal,SEN,2004,1.61
Senegal,SEN,2005,1.59
Senegal,SEN,2006,1.63
Senegal,SEN,2007,1.64
Senegal,SEN,2008,1.66
Senegal,SEN,2009,1.65
Senegal,SEN,2010,1.63
Senegal,SEN,2011,1.67
Senegal,SEN,2012,1.7
Senegal,SEN,2013,1.7
Senegal,SEN,2014,1.67
Senegal,SEN,2015,1.65
Senegal,SEN,2016,1.66
Senegal,SEN,2017,1.68
Senegal,SEN,2018,1.68
Senegal,SEN,2019,1.67
Serbia,SRB,2000,3.57
Serbia,SRB,2001,3.37
Serbia,SRB,2002,4
Serbia,SRB,2003,4.34
Serbia,SRB,2004,4.36
Serbia,SRB,2005,4.54
Serbia,SRB,2006,4.84
Serbia,SRB,2007,5.19
Serbia,SRB,2008,5.36
Serbia,SRB,2009,6.25
Serbia,SRB,2010,6.44
Serbia,SRB,2011,6.15
Serbia,SRB,2012,6.88
Serbia,SRB,2013,6.61
Serbia,SRB,2014,5.85
Serbia,SRB,2015,6.58
Serbia,SRB,2016,7.39
Serbia,SRB,2017,8.61
Serbia,SRB,2018,8.6
Serbia,SRB,2019,9.16
Seychelles,SYC,2000,5.25
Seychelles,SYC,2001,5.27
Seychelles,SYC,2002,5.39
Seychelles,SYC,2003,5.49
Seychelles,SYC,2004,5.37
Seychelles,SYC,2005,5.48
Seychelles,SYC,2006,5.55
Seychelles,SYC,2007,5.57
Seychelles,SYC,2008,5.75
Seychelles,SYC,2009,5.87
Seychelles,SYC,2010,5.68
Seychelles,SYC,2011,5.57
Seychelles,SYC,2012,5.85
Seychelles,SYC,2013,5.92
Seychelles,SYC,2014,5.85
Seychelles,SYC,2015,5.83
Seychelles,SYC,2016,5.93
Seychelles,SYC,2017,6.08
Seychelles,SYC,2018,6.12
Seychelles,SYC,2019,6.13
Sierra Leone,SLE,2000,1.44
Sierra Leone,SLE,2001,1.49
Sierra Leone,SLE,2002,1.53
Sierra Leone,SLE,2003,1.55
Sierra Leone,SLE,2004,1.55
Sierra Leone,SLE,2005,1.52
Sierra Leone,SLE,2006,1.59
Sierra Leone,SLE,2007,1.6
Sierra Leone,SLE,2008,1.61
Sierra Leone,SLE,2009,1.59
Sierra Leone,SLE,2010,1.56
Sierra Leone,SLE,2011,1.58
Sierra Leone,SLE,2012,1.59
Sierra Leone,SLE,2013,1.56
Sierra Leone,SLE,2014,1.52
Sierra Leone,SLE,2015,1.47
Sierra Leone,SLE,2016,1.51
Sierra Leone,SLE,2017,1.52
Sierra Leone,SLE,2018,1.52
Sierra Leone,SLE,2019,1.49
Singapore,SGP,2000,0.3
Singapore,SGP,2001,0.77
Singapore,SGP,2002,0.56
Singapore,SGP,2003,0.24
Singapore,SGP,2004,0.19
Singapore,SGP,2005,0.3
Singapore,SGP,2006,0.02
Singapore,SGP,2007,0.06
Singapore,SGP,2008,0.12
Singapore,SGP,2009,0.09
Singapore,SGP,2010,0.18
Singapore,SGP,2011,0.35
Singapore,SGP,2012,1.13
Singapore,SGP,2013,1.15
Singapore,SGP,2014,0.86
Singapore,SGP,2015,1.39
Singapore,SGP,2016,1.68
Singapore,SGP,2017,1.49
Singapore,SGP,2018,1.55
Singapore,SGP,2019,1.55
Slovakia,SVK,2000,0.89
Slovakia,SVK,2001,0.77
Slovakia,SVK,2002,0.92
Slovakia,SVK,2003,0.93
Slovakia,SVK,2004,0.97
Slovakia,SVK,2005,1.13
Slovakia,SVK,2006,0.97
Slovakia,SVK,2007,1.32
Slovakia,SVK,2008,1.12
Slovakia,SVK,2009,1.21
Slovakia,SVK,2010,1.28
Slovakia,SVK,2011,1.63
Slovakia,SVK,2012,3.39
Slovakia,SVK,2013,1.66
Slovakia,SVK,2014,2.24
Slovakia,SVK,2015,3.03
Slovakia,SVK,2016,3.58
Slovakia,SVK,2017,4.21
Slovakia,SVK,2018,4.91
Slovakia,SVK,2019,5.68
Slovenia,SVN,2000,2.25
Slovenia,SVN,2001,2.48
Slovenia,SVN,2002,3.58
Slovenia,SVN,2003,3.11
Slovenia,SVN,2004,2.56
Slovenia,SVN,2005,2.31
Slovenia,SVN,2006,2.32
Slovenia,SVN,2007,2.47
Slovenia,SVN,2008,2.7
Slovenia,SVN,2009,4.53
Slovenia,SVN,2010,3.31
Slovenia,SVN,2011,4.61
Slovenia,SVN,2012,3.98
Slovenia,SVN,2013,4.2
Slovenia,SVN,2014,4.38
Slovenia,SVN,2015,4.09
Slovenia,SVN,2016,5.15
Slovenia,SVN,2017,8.8
Slovenia,SVN,2018,10.92
Slovenia,SVN,2019,9.45
Solomon Islands,SLB,2000,2.17
Solomon Islands,SLB,2001,2.16
Solomon Islands,SLB,2002,2.21
Solomon Islands,SLB,2003,2.27
Solomon Islands,SLB,2004,2.1
Solomon Islands,SLB,2005,2.25
Solomon Islands,SLB,2006,2.32
Solomon Islands,SLB,2007,2.55
Solomon Islands,SLB,2008,2.72
Solomon Islands,SLB,2009,2.77
Solomon Islands,SLB,2010,2.8
Solomon Islands,SLB,2011,2.87
Solomon Islands,SLB,2012,2.91
Solomon Islands,SLB,2013,2.94
Solomon Islands,SLB,2014,2.96
Solomon Islands,SLB,2015,2.97
Solomon Islands,SLB,2016,3.01
Solomon Islands,SLB,2017,3.04
Solomon Islands,SLB,2018,3.09
Solomon Islands,SLB,2019,3.12
Somalia,SOM,2000,1.05
Somalia,SOM,2001,1.06
Somalia,SOM,2002,1.07
Somalia,SOM,2003,1.09
Somalia,SOM,2004,1.1
Somalia,SOM,2005,1.09
Somalia,SOM,2006,1.09
Somalia,SOM,2007,1.11
Somalia,SOM,2008,1.13
Somalia,SOM,2009,1.14
Somalia,SOM,2010,1.12
Somalia,SOM,2011,1.14
Somalia,SOM,2012,1.16
Somalia,SOM,2013,1.17
Somalia,SOM,2014,1.18
Somalia,SOM,2015,1.17
Somalia,SOM,2016,1.18
Somalia,SOM,2017,1.19
Somalia,SOM,2018,1.2
Somalia,SOM,2019,1.19
South Africa,ZAF,2000,1.64
South Africa,ZAF,2001,1.7
South Africa,ZAF,2002,1.75
South Africa,ZAF,2003,1.78
South Africa,ZAF,2004,1.73
South Africa,ZAF,2005,1.71
South Africa,ZAF,2006,1.8
South Africa,ZAF,2007,1.84
South Africa,ZAF,2008,1.87
South Africa,ZAF,2009,1.88
South Africa,ZAF,2010,1.86
South Africa,ZAF,2011,1.89
South Africa,ZAF,2012,1.9
South Africa,ZAF,2013,1.92
South Africa,ZAF,2014,1.96
South Africa,ZAF,2015,2
South Africa,ZAF,2016,2.06
South Africa,ZAF,2017,2.06
South Africa,ZAF,2018,1.92
South Africa,ZAF,2019,1.84
South America,,2000,1.055894
South America,,2001,1.1381154
South America,,2002,1.2074759
South America,,2003,1.3131939
South America,,2004,1.3537251
South America,,2005,1.4561908
South America,,2006,1.4875458
South America,,2007,1.5903136
South America,,2008,1.5947912
South America,,2009,1.6700436
South America,,2010,1.7796206
South America,,2011,1.8025272
South America,,2012,1.9085044
South America,,2013,1.9793242
South America,,2014,2.0135658
South America,,2015,2.0680063
South America,,2016,2.187777
South America,,2017,2.2181234
South America,,2018,2.3586276
South America,,2019,2.4339976
South Korea,KOR,2000,1.38
South Korea,KOR,2001,1.71
South Korea,KOR,2002,2.26
South Korea,KOR,2003,2.18
South Korea,KOR,2004,2.59
South Korea,KOR,2005,2.84
South Korea,KOR,2006,3.04
South Korea,KOR,2007,3.17
South Korea,KOR,2008,3.67
South Korea,KOR,2009,3.65
South Korea,KOR,2010,4.4
South Korea,KOR,2011,4.94
South Korea,KOR,2012,5.77
South Korea,KOR,2013,7.13
South Korea,KOR,2014,7.41
South Korea,KOR,2015,7.52
South Korea,KOR,2016,7.9
South Korea,KOR,2017,8.17
South Korea,KOR,2018,8.71
South Korea,KOR,2019,7.72
South Sudan,SSD,2000,0.96
South Sudan,SSD,2001,0.95
South Sudan,SSD,2002,0.95
South Sudan,SSD,2003,0.95
South Sudan,SSD,2004,0.96
South Sudan,SSD,2005,0.96
South Sudan,SSD,2006,0.98
South Sudan,SSD,2007,0.98
South Sudan,SSD,2008,0.98
South Sudan,SSD,2009,0.98
South Sudan,SSD,2010,0.98
South Sudan,SSD,2011,1.01
South Sudan,SSD,2012,1.05
South Sudan,SSD,2013,0.99
South Sudan,SSD,2014,0.99
South Sudan,SSD,2015,1.02
South Sudan,SSD,2016,1.07
South Sudan,SSD,2017,1.07
South Sudan,SSD,2018,1.12
South Sudan,SSD,2019,1.12
Spain,ESP,2000,4.41
Spain,ESP,2001,4.86
Spain,ESP,2002,4.82
Spain,ESP,2003,5.64
Spain,ESP,2004,5.06
Spain,ESP,2005,5.87
Spain,ESP,2006,5.83
Spain,ESP,2007,5.93
Spain,ESP,2008,6
Spain,ESP,2009,6.83
Spain,ESP,2010,6.96
Spain,ESP,2011,7.33
Spain,ESP,2012,7.92
Spain,ESP,2013,7.72
Spain,ESP,2014,8.38
Spain,ESP,2015,9.31
Spain,ESP,2016,9.46
Spain,ESP,2017,10.43
Spain,ESP,2018,10.27
Spain,ESP,2019,10.58
Sri Lanka,LKA,2000,0.35
Sri Lanka,LKA,2001,0.34
Sri Lanka,LKA,2002,0.34
Sri Lanka,LKA,2003,0.38
Sri Lanka,LKA,2004,0.33
Sri Lanka,LKA,2005,0.28
Sri Lanka,LKA,2006,0.42
Sri Lanka,LKA,2007,0.35
Sri Lanka,LKA,2008,0.41
Sri Lanka,LKA,2009,0.44
Sri Lanka,LKA,2010,0.4
Sri Lanka,LKA,2011,0.5
Sri Lanka,LKA,2012,0.69
Sri Lanka,LKA,2013,0.72
Sri Lanka,LKA,2014,0.55
Sri Lanka,LKA,2015,0.7
Sri Lanka,LKA,2016,0.72
Sri Lanka,LKA,2017,0.74
Sri Lanka,LKA,2018,0.77
Sri Lanka,LKA,2019,0.79
Sudan,SDN,2000,1.23
Sudan,SDN,2001,1.25
Sudan,SDN,2002,1.27
Sudan,SDN,2003,1.27
Sudan,SDN,2004,1.26
Sudan,SDN,2005,1.27
Sudan,SDN,2006,1.3
Sudan,SDN,2007,1.32
Sudan,SDN,2008,1.35
Sudan,SDN,2009,1.38
Sudan,SDN,2010,1.37
Sudan,SDN,2011,1.45
Sudan,SDN,2012,1.46
Sudan,SDN,2013,1.49
Sudan,SDN,2014,1.5
Sudan,SDN,2015,1.51
Sudan,SDN,2016,1.55
Sudan,SDN,2017,1.58
Sudan,SDN,2018,1.62
Sudan,SDN,2019,1.65
Suriname,SUR,2000,2.37
Suriname,SUR,2001,2.57
Suriname,SUR,2002,2.69
Suriname,SUR,2003,2.74
Suriname,SUR,2004,2.78
Suriname,SUR,2005,2.8
Suriname,SUR,2006,2.88
Suriname,SUR,2007,2.94
Suriname,SUR,2008,2.98
Suriname,SUR,2009,3.01
Suriname,SUR,2010,3.04
Suriname,SUR,2011,3.14
Suriname,SUR,2012,3.26
Suriname,SUR,2013,3.39
Suriname,SUR,2014,3.5
Suriname,SUR,2015,3.61
Suriname,SUR,2016,3.89
Suriname,SUR,2017,4.21
Suriname,SUR,2018,4.59
Suriname,SUR,2019,4.76
Sweden,SWE,2000,3.87
Sweden,SWE,2001,3.89
Sweden,SWE,2002,4.75
Sweden,SWE,2003,4.71
Sweden,SWE,2004,5
Sweden,SWE,2005,5.46
Sweden,SWE,2006,5.29
Sweden,SWE,2007,5.53
Sweden,SWE,2008,5.52
Sweden,SWE,2009,5.65
Sweden,SWE,2010,6.07
Sweden,SWE,2011,5.72
Sweden,SWE,2012,6.4
Sweden,SWE,2013,6.6
Sweden,SWE,2014,6.72
Sweden,SWE,2015,6.94
Sweden,SWE,2016,8.7
Sweden,SWE,2017,7.97
Sweden,SWE,2018,9.16
Sweden,SWE,2019,9.43
Switzerland,CHE,2000,7.12
Switzerland,CHE,2001,7.96
Switzerland,CHE,2002,8.37
Switzerland,CHE,2003,8.87
Switzerland,CHE,2004,7.57
Switzerland,CHE,2005,7.37
Switzerland,CHE,2006,7.95
Switzerland,CHE,2007,7.76
Switzerland,CHE,2008,8.13
Switzerland,CHE,2009,8.4
Switzerland,CHE,2010,9.15
Switzerland,CHE,2011,8.72
Switzerland,CHE,2012,9.36
Switzerland,CHE,2013,9.53
Switzerland,CHE,2014,8.35
Switzerland,CHE,2015,10.02
Switzerland,CHE,2016,9.06
Switzerland,CHE,2017,9.61
Switzerland,CHE,2018,9.89
Switzerland,CHE,2019,9.98
Syria,SYR,2000,1.4
Syria,SYR,2001,1.38
Syria,SYR,2002,1.41
Syria,SYR,2003,1.34
Syria,SYR,2004,1.34
Syria,SYR,2005,1.32
Syria,SYR,2006,1.36
Syria,SYR,2007,1.4
Syria,SYR,2008,1.46
Syria,SYR,2009,1.48
Syria,SYR,2010,1.55
Syria,SYR,2011,1.66
Syria,SYR,2012,1.73
Syria,SYR,2013,1.82
Syria,SYR,2014,1.76
Syria,SYR,2015,1.76
Syria,SYR,2016,1.94
Syria,SYR,2017,2.07
Syria,SYR,2018,2.1
Syria,SYR,2019,2.15
Tajikistan,TJK,2000,1.84
Tajikistan,TJK,2001,1.94
Tajikistan,TJK,2002,2.05
Tajikistan,TJK,2003,2.17
Tajikistan,TJK,2004,2.33
Tajikistan,TJK,2005,2.49
Tajikistan,TJK,2006,2.65
Tajikistan,TJK,2007,2.82
Tajikistan,TJK,2008,2.96
Tajikistan,TJK,2009,3.04
Tajikistan,TJK,2010,3.25
Tajikistan,TJK,2011,3.35
Tajikistan,TJK,2012,3.39
Tajikistan,TJK,2013,3.3
Tajikistan,TJK,2014,3.26
Tajikistan,TJK,2015,3.15
Tajikistan,TJK,2016,3.24
Tajikistan,TJK,2017,3.18
Tajikistan,TJK,2018,2.91
Tajikistan,TJK,2019,2.73
Tanzania,TZA,2000,0.9
Tanzania,TZA,2001,0.89
Tanzania,TZA,2002,0.87
Tanzania,TZA,2003,0.86
Tanzania,TZA,2004,0.83
Tanzania,TZA,2005,0.8
Tanzania,TZA,2006,0.83
Tanzania,TZA,2007,0.84
Tanzania,TZA,2008,0.86
Tanzania,TZA,2009,0.85
Tanzania,TZA,2010,0.82
Tanzania,TZA,2011,0.83
Tanzania,TZA,2012,0.82
Tanzania,TZA,2013,0.85
Tanzania,TZA,2014,0.82
Tanzania,TZA,2015,0.82
Tanzania,TZA,2016,0.84
Tanzania,TZA,2017,0.86
Tanzania,TZA,2018,0.87
Tanzania,TZA,2019,0.88
Thailand,THA,2000,3.15
Thailand,THA,2001,3
Thailand,THA,2002,3.08
Thailand,THA,2003,3.13
Thailand,THA,2004,3.39
Thailand,THA,2005,3.58
Thailand,THA,2006,3.75
Thailand,THA,2007,3.88
Thailand,THA,2008,4.02
Thailand,THA,2009,4.11
Thailand,THA,2010,4.31
Thailand,THA,2011,4.44
Thailand,THA,2012,4.54
Thailand,THA,2013,4.7
Thailand,THA,2014,4.92
Thailand,THA,2015,5.16
Thailand,THA,2016,5.48
Thailand,THA,2017,5.69
Thailand,THA,2018,5.95
Thailand,THA,2019,6.17
Togo,TGO,2000,1.27
Togo,TGO,2001,1.31
Togo,TGO,2002,1.35
Togo,TGO,2003,1.37
Togo,TGO,2004,1.35
Togo,TGO,2005,1.32
Togo,TGO,2006,1.36
Togo,TGO,2007,1.37
Togo,TGO,2008,1.38
Togo,TGO,2009,1.35
Togo,TGO,2010,1.31
Togo,TGO,2011,1.34
Togo,TGO,2012,1.36
Togo,TGO,2013,1.37
Togo,TGO,2014,1.35
Togo,TGO,2015,1.33
Togo,TGO,2016,1.35
Togo,TGO,2017,1.37
Togo,TGO,2018,1.38
Togo,TGO,2019,1.37
Tonga,TON,2000,4.07
Tonga,TON,2001,4.1
Tonga,TON,2002,4.17
Tonga,TON,2003,4.22
Tonga,TON,2004,4.09
Tonga,TON,2005,3.86
Tonga,TON,2006,3.97
Tonga,TON,2007,4.09
Tonga,TON,2008,4.19
Tonga,TON,2009,4.25
Tonga,TON,2010,4.3
Tonga,TON,2011,4.44
Tonga,TON,2012,4.57
Tonga,TON,2013,4.63
Tonga,TON,2014,4.68
Tonga,TON,2015,4.68
Tonga,TON,2016,4.67
Tonga,TON,2017,4.64
Tonga,TON,2018,4.55
Tonga,TON,2019,4.4
Trinidad and Tobago,TTO,2000,3.11
Trinidad and Tobago,TTO,2001,3.34
Trinidad and Tobago,TTO,2002,3.35
Trinidad and Tobago,TTO,2003,3.66
Trinidad and Tobago,TTO,2004,3.6
Trinidad and Tobago,TTO,2005,3.67
Trinidad and Tobago,TTO,2006,3.64
Trinidad and Tobago,TTO,2007,3.64
Trinidad and Tobago,TTO,2008,4
Trinidad and Tobago,TTO,2009,3.63
Trinidad and Tobago,TTO,2010,4.1
Trinidad and Tobago,TTO,2011,3.66
Trinidad and Tobago,TTO,2012,3.91
Trinidad and Tobago,TTO,2013,3.83
Trinidad and Tobago,TTO,2014,3.75
Trinidad and Tobago,TTO,2015,3.68
Trinidad and Tobago,TTO,2016,3.7
Trinidad and Tobago,TTO,2017,3.7
Trinidad and Tobago,TTO,2018,3.69
Trinidad and Tobago,TTO,2019,3.68
Tunisia,TUN,2000,2.45
Tunisia,TUN,2001,2.61
Tunisia,TUN,2002,2.76
Tunisia,TUN,2003,2.91
Tunisia,TUN,2004,3.04
Tunisia,TUN,2005,3.15
Tunisia,TUN,2006,3.3
Tunisia,TUN,2007,3.42
Tunisia,TUN,2008,3.52
Tunisia,TUN,2009,3.59
Tunisia,TUN,2010,3.64
Tunisia,TUN,2011,3.73
Tunisia,TUN,2012,3.8
Tunisia,TUN,2013,3.82
Tunisia,TUN,2014,3.85
Tunisia,TUN,2015,3.86
Tunisia,TUN,2016,3.95
Tunisia,TUN,2017,4.03
Tunisia,TUN,2018,4.02
Tunisia,TUN,2019,4.01
Turkey,TUR,2000,1.99
Turkey,TUR,2001,2.11
Turkey,TUR,2002,2.25
Turkey,TUR,2003,2.25
Turkey,TUR,2004,2.25
Turkey,TUR,2005,2.25
Turkey,TUR,2006,2.4
Turkey,TUR,2007,2.58
Turkey,TUR,2008,2.81
Turkey,TUR,2009,3.04
Turkey,TUR,2010,3.19
Turkey,TUR,2011,3.34
Turkey,TUR,2012,3.45
Turkey,TUR,2013,3.59
Turkey,TUR,2014,3.69
Turkey,TUR,2015,3.71
Turkey,TUR,2016,3.87
Turkey,TUR,2017,4.01
Turkey,TUR,2018,4.04
Turkey,TUR,2019,4.12
Turkmenistan,TKM,2000,1.44
Turkmenistan,TKM,2001,1.48
Turkmenistan,TKM,2002,1.67
Turkmenistan,TKM,2003,1.71
Turkmenistan,TKM,2004,1.7
Turkmenistan,TKM,2005,1.84
Turkmenistan,TKM,2006,1.81
Turkmenistan,TKM,2007,1.85
Turkmenistan,TKM,2008,1.87
Turkmenistan,TKM,2009,1.74
Turkmenistan,TKM,2010,1.73
Turkmenistan,TKM,2011,1.8
Turkmenistan,TKM,2012,1.77
Turkmenistan,TKM,2013,1.75
Turkmenistan,TKM,2014,1.73
Turkmenistan,TKM,2015,1.69
Turkmenistan,TKM,2016,1.65
Turkmenistan,TKM,2017,1.6
Turkmenistan,TKM,2018,1.6
Turkmenistan,TKM,2019,1.62
Uganda,UGA,2000,1.05
Uganda,UGA,2001,1.06
Uganda,UGA,2002,1.05
Uganda,UGA,2003,1.03
Uganda,UGA,2004,1
Uganda,UGA,2005,0.96
Uganda,UGA,2006,0.95
Uganda,UGA,2007,0.91
Uganda,UGA,2008,0.88
Uganda,UGA,2009,0.86
Uganda,UGA,2010,0.82
Uganda,UGA,2011,0.83
Uganda,UGA,2012,0.82
Uganda,UGA,2013,0.81
Uganda,UGA,2014,0.79
Uganda,UGA,2015,0.77
Uganda,UGA,2016,0.79
Uganda,UGA,2017,0.77
Uganda,UGA,2018,0.78
Uganda,UGA,2019,0.79
Ukraine,UKR,2000,5.81
Ukraine,UKR,2001,5.91
Ukraine,UKR,2002,6.23
Ukraine,UKR,2003,6.53
Ukraine,UKR,2004,6.51
Ukraine,UKR,2005,6.8
Ukraine,UKR,2006,7
Ukraine,UKR,2007,7.18
Ukraine,UKR,2008,7.33
Ukraine,UKR,2009,7.31
Ukraine,UKR,2010,7.5
Ukraine,UKR,2011,7.29
Ukraine,UKR,2012,7.36
Ukraine,UKR,2013,7.45
Ukraine,UKR,2014,7.6
Ukraine,UKR,2015,7.11
Ukraine,UKR,2016,7.32
Ukraine,UKR,2017,7.05
Ukraine,UKR,2018,7.12
Ukraine,UKR,2019,7.05
United Arab Emirates,ARE,2000,0.81
United Arab Emirates,ARE,2001,0.8
United Arab Emirates,ARE,2002,0.79
United Arab Emirates,ARE,2003,0.78
United Arab Emirates,ARE,2004,0.77
United Arab Emirates,ARE,2005,0.78
United Arab Emirates,ARE,2006,0.73
United Arab Emirates,ARE,2007,0.7
United Arab Emirates,ARE,2008,0.65
United Arab Emirates,ARE,2009,0.65
United Arab Emirates,ARE,2010,0.64
United Arab Emirates,ARE,2011,0.68
United Arab Emirates,ARE,2012,0.72
United Arab Emirates,ARE,2013,0.75
United Arab Emirates,ARE,2014,0.79
United Arab Emirates,ARE,2015,0.82
United Arab Emirates,ARE,2016,0.87
United Arab Emirates,ARE,2017,0.93
United Arab Emirates,ARE,2018,0.97
United Arab Emirates,ARE,2019,1.02
United Kingdom,GBR,2000,5.2
United Kingdom,GBR,2001,7.49
United Kingdom,GBR,2002,7.8
United Kingdom,GBR,2003,8.32
United Kingdom,GBR,2004,7.43
United Kingdom,GBR,2005,7.63
United Kingdom,GBR,2006,7.51
United Kingdom,GBR,2007,8.07
United Kingdom,GBR,2008,8.65
United Kingdom,GBR,2009,8.71
United Kingdom,GBR,2010,8.95
United Kingdom,GBR,2011,6.79
United Kingdom,GBR,2012,8.03
United Kingdom,GBR,2013,8.27
United Kingdom,GBR,2014,8.91
United Kingdom,GBR,2015,9.91
United Kingdom,GBR,2016,10.26
United Kingdom,GBR,2017,11.08
United Kingdom,GBR,2018,11.89
United Kingdom,GBR,2019,12.7
United States,USA,2000,5.61
United States,USA,2001,5.86
United States,USA,2002,5.96
United States,USA,2003,6.27
United States,USA,2004,6.22
United States,USA,2005,6.69
United States,USA,2006,6.64
United States,USA,2007,6.75
United States,USA,2008,6.85
United States,USA,2009,6.82
United States,USA,2010,7.24
United States,USA,2011,7.52
United States,USA,2012,7.71
United States,USA,2013,8.08
United States,USA,2014,8.28
United States,USA,2015,8.78
United States,USA,2016,9.27
United States,USA,2017,9.91
United States,USA,2018,10.12
United States,USA,2019,10.48
Uruguay,URY,2000,3.43
Uruguay,URY,2001,4.36
Uruguay,URY,2002,4.84
Uruguay,URY,2003,4.57
Uruguay,URY,2004,5.03
Uruguay,URY,2005,7.03
Uruguay,URY,2006,5.59
Uruguay,URY,2007,7.13
Uruguay,URY,2008,5.93
Uruguay,URY,2009,5.91
Uruguay,URY,2010,7.02
Uruguay,URY,2011,7.16
Uruguay,URY,2012,6.36
Uruguay,URY,2013,7.31
Uruguay,URY,2014,7.74
Uruguay,URY,2015,7.78
Uruguay,URY,2016,8.11
Uruguay,URY,2017,7.86
Uruguay,URY,2018,8.7
Uruguay,URY,2019,9.25
Uzbekistan,UZB,2000,1.7
Uzbekistan,UZB,2001,1.69
Uzbekistan,UZB,2002,1.82
Uzbekistan,UZB,2003,1.86
Uzbekistan,UZB,2004,1.78
Uzbekistan,UZB,2005,1.95
Uzbekistan,UZB,2006,1.85
Uzbekistan,UZB,2007,1.84
Uzbekistan,UZB,2008,1.82
Uzbekistan,UZB,2009,1.7
Uzbekistan,UZB,2010,1.79
Uzbekistan,UZB,2011,1.86
Uzbekistan,UZB,2012,1.88
Uzbekistan,UZB,2013,1.82
Uzbekistan,UZB,2014,1.83
Uzbekistan,UZB,2015,1.79
Uzbekistan,UZB,2016,1.78
Uzbekistan,UZB,2017,1.77
Uzbekistan,UZB,2018,1.74
Uzbekistan,UZB,2019,1.71
Vanuatu,VUT,2000,3.98
Vanuatu,VUT,2001,3.9
Vanuatu,VUT,2002,3.83
Vanuatu,VUT,2003,3.7
Vanuatu,VUT,2004,3.58
Vanuatu,VUT,2005,3.45
Vanuatu,VUT,2006,3.55
Vanuatu,VUT,2007,3.56
Vanuatu,VUT,2008,3.58
Vanuatu,VUT,2009,3.65
Vanuatu,VUT,2010,3.67
Vanuatu,VUT,2011,3.75
Vanuatu,VUT,2012,3.85
Vanuatu,VUT,2013,3.91
Vanuatu,VUT,2014,3.93
Vanuatu,VUT,2015,3.96
Vanuatu,VUT,2016,3.98
Vanuatu,VUT,2017,3.97
Vanuatu,VUT,2018,3.93
Vanuatu,VUT,2019,3.87
Venezuela,VEN,2000,0.56
Venezuela,VEN,2001,0.55
Venezuela,VEN,2002,0.65
Venezuela,VEN,2003,0.79
Venezuela,VEN,2004,0.53
Venezuela,VEN,2005,0.67
Venezuela,VEN,2006,0.46
Venezuela,VEN,2007,0.61
Venezuela,VEN,2008,0.63
Venezuela,VEN,2009,0.66
Venezuela,VEN,2010,0.71
Venezuela,VEN,2011,0.76
Venezuela,VEN,2012,0.69
Venezuela,VEN,2013,0.83
Venezuela,VEN,2014,0.9
Venezuela,VEN,2015,0.81
Venezuela,VEN,2016,0.84
Venezuela,VEN,2017,0.86
Venezuela,VEN,2018,0.87
Venezuela,VEN,2019,0.88
Vietnam,VNM,2000,3.57
Vietnam,VNM,2001,3.7
Vietnam,VNM,2002,3.81
Vietnam,VNM,2003,3.91
Vietnam,VNM,2004,4.02
Vietnam,VNM,2005,4.13
Vietnam,VNM,2006,4.29
Vietnam,VNM,2007,4.44
Vietnam,VNM,2008,4.59
Vietnam,VNM,2009,4.7
Vietnam,VNM,2010,4.8
Vietnam,VNM,2011,4.94
Vietnam,VNM,2012,5.06
Vietnam,VNM,2013,5.13
Vietnam,VNM,2014,5.22
Vietnam,VNM,2015,5.27
Vietnam,VNM,2016,5.38
Vietnam,VNM,2017,5.44
Vietnam,VNM,2018,5.5
Vietnam,VNM,2019,5.53
World,OWID_WRL,2000,2.6674948
World,OWID_WRL,2001,2.7830753
World,OWID_WRL,2002,2.8801346
World,OWID_WRL,2003,2.9650528
World,OWID_WRL,2004,2.9081936
World,OWID_WRL,2005,3.00922
World,OWID_WRL,2006,3.0621538
World,OWID_WRL,2007,3.1135206
World,OWID_WRL,2008,3.196584
World,OWID_WRL,2009,3.2105036
World,OWID_WRL,2010,3.2799075
World,OWID_WRL,2011,3.334614
World,OWID_WRL,2012,3.458136
World,OWID_WRL,2013,3.5637276
World,OWID_WRL,2014,3.6332033
World,OWID_WRL,2015,3.7378483
World,OWID_WRL,2016,3.8777387
World,OWID_WRL,2017,4.0465174
World,OWID_WRL,2018,4.1597037
World,OWID_WRL,2019,4.258243
Yemen,YEM,2000,1.12
Yemen,YEM,2001,1.14
Yemen,YEM,2002,1.15
Yemen,YEM,2003,1.15
Yemen,YEM,2004,1.14
Yemen,YEM,2005,1.13
Yemen,YEM,2006,1.15
Yemen,YEM,2007,1.16
Yemen,YEM,2008,1.16
Yemen,YEM,2009,1.15
Yemen,YEM,2010,1.13
Yemen,YEM,2011,1.15
Yemen,YEM,2012,1.16
Yemen,YEM,2013,1.17
Yemen,YEM,2014,1.17
Yemen,YEM,2015,1.16
Yemen,YEM,2016,1.19
Yemen,YEM,2017,1.21
Yemen,YEM,2018,1.21
Yemen,YEM,2019,1.24
Zambia,ZMB,2000,1.22
Zambia,ZMB,2001,1.19
Zambia,ZMB,2002,1.18
Zambia,ZMB,2003,1.14
Zambia,ZMB,2004,1.12
Zambia,ZMB,2005,1.07
Zambia,ZMB,2006,1.07
Zambia,ZMB,2007,1.04
Zambia,ZMB,2008,1.01
Zambia,ZMB,2009,0.98
Zambia,ZMB,2010,0.96
Zambia,ZMB,2011,0.97
Zambia,ZMB,2012,0.95
Zambia,ZMB,2013,0.94
Zambia,ZMB,2014,0.92
Zambia,ZMB,2015,0.89
Zambia,ZMB,2016,0.89
Zambia,ZMB,2017,0.91
Zambia,ZMB,2018,0.92
Zambia,ZMB,2019,0.92
Zimbabwe,ZWE,2000,1.29
Zimbabwe,ZWE,2001,1.35
Zimbabwe,ZWE,2002,1.4
Zimbabwe,ZWE,2003,1.42
Zimbabwe,ZWE,2004,1.5
Zimbabwe,ZWE,2005,1.48
Zimbabwe,ZWE,2006,1.55
Zimbabwe,ZWE,2007,1.65
Zimbabwe,ZWE,2008,1.7
Zimbabwe,ZWE,2009,1.72
Zimbabwe,ZWE,2010,1.65
Zimbabwe,ZWE,2011,1.64
Zimbabwe,ZWE,2012,1.63
Zimbabwe,ZWE,2013,1.59
Zimbabwe,ZWE,2014,1.56
Zimbabwe,ZWE,2015,1.53
Zimbabwe,ZWE,2016,1.55
Zimbabwe,ZWE,2017,1.55
Zimbabwe,ZWE,2018,1.55
Zimbabwe,ZWE,2019,1.55